smiles,name,perm (cm/s),logP,doi,PMID,title,publisher,year,access,page,origin
C1=CC(=CC=C1S(=O)(=O)N)Cl,4-Chlorobenzensulfonamide,5.495408738576248e-05,-4.26,,14609285,Prediction of corneal permeability using artificial neural networks,Govi-Verlag Pharmazeutischer Verlag GmbH,2003,0,5,table 3
CNS(=O)(=O)C1=CC=C(C=C1)Cl,4-Chloro-methylbenzensulfonamide,6.456542290346549e-05,-4.19,,14609285,Prediction of corneal permeability using artificial neural networks,Govi-Verlag Pharmazeutischer Verlag GmbH,2003,0,5,table 3
CCCC(=O)NC1=CC(=C(C=C1)OCC(CNC(C)C)O)C(=O)C,Acebutolol,8.709635899560814e-07,-6.06,,14609285,Prediction of corneal permeability using artificial neural networks,Govi-Verlag Pharmazeutischer Verlag GmbH,2003,0,5,table 3
CC(=O)NC1=NN=C(S1)S(=O)(=O)N,Acetazolamide,5.754399373371567e-07,-6.24,,14609285,Prediction of corneal permeability using artificial neural networks,Govi-Verlag Pharmazeutischer Verlag GmbH,2003,0,5,table 3
CC(C)NCC(COC1=CC=CC=C1CC=C)O,Alprenolol,2.8840315031266056e-05,-4.54,,14609285,Prediction of corneal permeability using artificial neural networks,Govi-Verlag Pharmazeutischer Verlag GmbH,2003,0,5,table 3
CC(C)NCC(COC1=CC=C(C=C1)CC(=O)N)O,Atenolol,6.760829753919819e-07,-6.17,,14609285,Prediction of corneal permeability using artificial neural networks,Govi-Verlag Pharmazeutischer Verlag GmbH,2003,0,5,table 3
CC(C)NCC(COC1=CC=C(C=C1)CCOCC2CC2)O,Betaxolol,2.691534803926914e-05,-4.57,,14609285,Prediction of corneal permeability using artificial neural networks,Govi-Verlag Pharmazeutischer Verlag GmbH,2003,0,5,table 3
CC1=CC(=CC=C1)OCC(CNCCC2=CC(=C(C=C2)OC)OC)O,Bevantalol,5.7543993733715664e-05,-4.24,,14609285,Prediction of corneal permeability using artificial neural networks,Govi-Verlag Pharmazeutischer Verlag GmbH,2003,0,5,table 3
CCC1=CC=CC2=C1OC(=C2)C(CNC(C)(C)C)O,Bufuralol,7.244359600749906e-05,-4.14,,14609285,Prediction of corneal permeability using artificial neural networks,Govi-Verlag Pharmazeutischer Verlag GmbH,2003,0,5,table 3
CCCCO,Butanol,7.585775750291836e-05,-4.12,,14609285,Prediction of corneal permeability using artificial neural networks,Govi-Verlag Pharmazeutischer Verlag GmbH,2003,0,5,table 3
C1=CC(=CC=C1[C@H]([C@@H](CO)NC(=O)C(Cl)Cl)O)[N+](=O)[O-],Chloramphenicol,6.760829753919819e-06,-5.17,,14609285,Prediction of corneal permeability using artificial neural networks,Govi-Verlag Pharmazeutischer Verlag GmbH,2003,0,5,table 3
C1CN=C(N1)NC2=C(C=CC=C2Cl)Cl,Clonidine,4.3651583224016566e-05,-4.36,,14609285,Prediction of corneal permeability using artificial neural networks,Govi-Verlag Pharmazeutischer Verlag GmbH,2003,0,5,table 3
C[C@]12CCC(=O)C=C1CC[C@@H]3[C@@H]2CC[C@]4([C@H]3CC[C@@]4(C(=O)CO)O)C,Cortexolone,3.0199517204020192e-05,-4.52,,14609285,Prediction of corneal permeability using artificial neural networks,Govi-Verlag Pharmazeutischer Verlag GmbH,2003,0,5,table 3
C1=CC2=C(C(=C1)OCC(COC3=CC=CC4=C3C(=O)C=C(O4)C(=O)O)O)C(=O)C=C(O2)C(=O)O,Cromolyn,1.071519305237607e-06,-5.97,,14609285,Prediction of corneal permeability using artificial neural networks,Govi-Verlag Pharmazeutischer Verlag GmbH,2003,0,5,table 3
C1CNP(=O)(OC1)N(CCCl)CCCl,Cyclophosphamide,1.122018454301963e-05,-4.95,,14609285,Prediction of corneal permeability using artificial neural networks,Govi-Verlag Pharmazeutischer Verlag GmbH,2003,0,5,table 3
C[C@]12CC[C@H]3[C@H]([C@@H]1CC[C@@H]2C(=O)CO)CCC4=CC(=O)CC[C@]34C,Desoxycorticosterone,3.9810717055349695e-05,-4.4,,14609285,Prediction of corneal permeability using artificial neural networks,Govi-Verlag Pharmazeutischer Verlag GmbH,2003,0,5,table 3
C[C@@H]1C[C@H]2[C@@H]3CCC4=CC(=O)C=C[C@@]4([C@]3([C@H](C[C@@]2([C@]1(C(=O)CO)O)C)O)F)C,Dexamethasone,5.011872336272725e-06,-5.3,,14609285,Prediction of corneal permeability using artificial neural networks,Govi-Verlag Pharmazeutischer Verlag GmbH,2003,0,5,table 3
C[C@@H]1C[C@H]2[C@@H]3CCC4=CC(=O)C=C[C@@]4([C@]3([C@H](C[C@@]2([C@]1(C(=O)COC(=O)C)O)C)O)F)C,Dexamethasone acetate,3.715352290971728e-05,-4.43,,14609285,Prediction of corneal permeability using artificial neural networks,Govi-Verlag Pharmazeutischer Verlag GmbH,2003,0,5,table 3
C[C@H]1C[C@H]2[C@@H]3CC[C@@]([C@]3(C[C@@H]([C@@]2([C@@]4(C1=CC(=O)C=C4)C)F)O)C)(C(=O)C)O,Fluorometholone,1.6595869074375598e-05,-4.78,,14609285,Prediction of corneal permeability using artificial neural networks,Govi-Verlag Pharmazeutischer Verlag GmbH,2003,0,5,table 3
C[C@]12CCC(=O)C=C1CC[C@@H]3[C@@H]2[C@H](C[C@]4([C@H]3CC[C@@]4(C(=O)CO)O)C)O,Hydrocortisone,8.51138038202376e-06,-5.07,,14609285,Prediction of corneal permeability using artificial neural networks,Govi-Verlag Pharmazeutischer Verlag GmbH,2003,0,5,table 3
CC(C)CC1=CC=C(C=C1)C(C)C(=O)O,Ibuprofen,2.238721138568338e-05,-4.65,,14609285,Prediction of corneal permeability using artificial neural networks,Govi-Verlag Pharmazeutischer Verlag GmbH,2003,0,5,table 3
CC1=C(C2=C(N1C(=O)C3=CC=C(C=C3)Cl)C=CC(=C2)OC)CC(=O)O,Indomethacin,6.918309709189363e-05,-4.16,,14609285,Prediction of corneal permeability using artificial neural networks,Govi-Verlag Pharmazeutischer Verlag GmbH,2003,0,5,table 3
CC(C)(C)NC[C@@H](COC1=CC=CC2=C1CCCC2=O)O,Levobunolol,1.6595869074375598e-05,-4.78,,14609285,Prediction of corneal permeability using artificial neural networks,Govi-Verlag Pharmazeutischer Verlag GmbH,2003,0,5,table 3
CO,Methanol,9.120108393559096e-05,-4.04,,14609285,Prediction of corneal permeability using artificial neural networks,Govi-Verlag Pharmazeutischer Verlag GmbH,2003,0,5,table 3
CC(=O)N=C1N(N=C(S1)S(=O)(=O)N)C,Methazolamide,3.7153522909717276e-06,-5.43,,14609285,Prediction of corneal permeability using artificial neural networks,Govi-Verlag Pharmazeutischer Verlag GmbH,2003,0,5,table 3
CC(C)NCC(COC1=CC=C(C=C1)CCOC)O,Metoprolol,2.344228815319923e-05,-4.63,,14609285,Prediction of corneal permeability using artificial neural networks,Govi-Verlag Pharmazeutischer Verlag GmbH,2003,0,5,table 3
CC(C)(C)NCC(COC1=CC=CC2=C1C[C@@H]([C@@H](C2)O)O)O,Nadolol,"1,00E-06",-6.0,,14609285,Prediction of corneal permeability using artificial neural networks,Govi-Verlag Pharmazeutischer Verlag GmbH,2003,0,5,table 3
CC(C)NCC(COC1=CC=CC=C1OCC=C)O,Oxprenolol,2.5118864315095822e-05,-4.6,,14609285,Prediction of corneal permeability using artificial neural networks,Govi-Verlag Pharmazeutischer Verlag GmbH,2003,0,5,table 3
CC(C)(C)NC[C@@H](COC1=CC=CC=C1C2CCCC2)O,Penbutolol,4.466835921509635e-05,-4.35,,14609285,Prediction of corneal permeability using artificial neural networks,Govi-Verlag Pharmazeutischer Verlag GmbH,2003,0,5,table 3
CNC[C@@H](C1=CC(=CC=C1)O)O,Phenylephrine,9.332543007969905e-07,-6.03,,14609285,Prediction of corneal permeability using artificial neural networks,Govi-Verlag Pharmazeutischer Verlag GmbH,2003,0,5,table 3
CC[C@H]1[C@H](COC1=O)CC2=CN=CN2C,Pilocarpine,1.698243652461746e-05,-4.77,,14609285,Prediction of corneal permeability using artificial neural networks,Govi-Verlag Pharmazeutischer Verlag GmbH,2003,0,5,table 3
CC(C)NCC(COC1=CC=CC2=C1C=CN2)O,Pindolol,"1,00E-05",-5.0,,14609285,Prediction of corneal permeability using artificial neural networks,Govi-Verlag Pharmazeutischer Verlag GmbH,2003,0,5,table 3
C[C@]12C[C@@H]([C@H]3[C@H]([C@@H]1CC[C@@]2(C(=O)CO)O)CCC4=CC(=O)C=C[C@]34C)O,Prednisolone,3.7153522909717276e-06,-5.43,,14609285,Prediction of corneal permeability using artificial neural networks,Govi-Verlag Pharmazeutischer Verlag GmbH,2003,0,5,table 3
CC(=O)OCC(=O)[C@]1(CC[C@@H]2[C@@]1(C[C@@H]([C@H]3[C@H]2CCC4=CC(=O)C=C[C@]34C)O)C)O,Prednisolone acetate,3.3113112148259076e-05,-4.48,,14609285,Prediction of corneal permeability using artificial neural networks,Govi-Verlag Pharmazeutischer Verlag GmbH,2003,0,5,table 3
CC(=O)[C@H]1CC[C@@H]2[C@@]1(CC[C@H]3[C@H]2CCC4=CC(=O)CC[C@]34C)C,Progesterone,1.9498445997580456e-05,-4.71,,14609285,Prediction of corneal permeability using artificial neural networks,Govi-Verlag Pharmazeutischer Verlag GmbH,2003,0,5,table 3
CC(C)NCC(COC1=CC=CC2=CC=CC=C21)O,Propranolol,4.7863009232263804e-05,-4.32,,14609285,Prediction of corneal permeability using artificial neural networks,Govi-Verlag Pharmazeutischer Verlag GmbH,2003,0,5,table 3
CC[C@H]1[C@@H]2C[C@H]3[C@H]4[C@@]5(C[C@@H]([C@H]2[C@H]5O)N3[C@@H]1O)C6=CC=CC=C6N4C,Rauwolfine,9.120108393559096e-06,-5.04,,14609285,Prediction of corneal permeability using artificial neural networks,Govi-Verlag Pharmazeutischer Verlag GmbH,2003,0,5,table 3
CC(C)NCC(C1=CC=C(C=C1)NS(=O)(=O)C)O,Sotalol,1.584893192461114e-06,-5.8,,14609285,Prediction of corneal permeability using artificial neural networks,Govi-Verlag Pharmazeutischer Verlag GmbH,2003,0,5,table 3
CC(=O)NS(=O)(=O)C1=CC=C(C=C1)N,Sulfacetamide,1.9054607179632483e-06,-5.72,,14609285,Prediction of corneal permeability using artificial neural networks,Govi-Verlag Pharmazeutischer Verlag GmbH,2003,0,5,table 3
C[C@]12CC[C@H]3[C@H]([C@@H]1CC[C@@H]2O)CCC4=CC(=O)CC[C@]34C,Testosterone,4.265795188015926e-05,-4.37,,14609285,Prediction of corneal permeability using artificial neural networks,Govi-Verlag Pharmazeutischer Verlag GmbH,2003,0,5,table 3
CC(C)(C)NC[C@@H](COC1=NSN=C1N2CCOCC2)O,Timolol,1.230268770812381e-05,-4.91,,14609285,Prediction of corneal permeability using artificial neural networks,Govi-Verlag Pharmazeutischer Verlag GmbH,2003,0,5,table 3
C[C@]12C[C@@H]([C@]3([C@H]([C@@H]1C[C@H]([C@@]2(C(=O)CO)O)O)CCC4=CC(=O)C=C[C@@]43C)F)O,Triamcinolone,1.584893192461114e-05,-4.8,,14609285,Prediction of corneal permeability using artificial neural networks,Govi-Verlag Pharmazeutischer Verlag GmbH,2003,0,5,table 3
C1=NC(=C2C(=N1)N(C=N2)[C@H]3[C@H]([C@@H]([C@H](O3)CO)O)O)N,Vidarabine,1.698243652461746e-06,-5.77,,14609285,Prediction of corneal permeability using artificial neural networks,Govi-Verlag Pharmazeutischer Verlag GmbH,2003,0,5,table 3
O,Water,0.00015135612484362088,-3.82,,14609285,Prediction of corneal permeability using artificial neural networks,Govi-Verlag Pharmazeutischer Verlag GmbH,2003,0,5,table 3
COC(=O)[C@H]1[C@H](CC[C@@H]2[C@@H]1C[C@H]3C4=C(CCN3C2)C5=CC=CC=C5N4)O,Yohimbine,1.778279410038923e-05,-4.75,,14609285,Prediction of corneal permeability using artificial neural networks,Govi-Verlag Pharmazeutischer Verlag GmbH,2003,0,5,table 3
CC1CC2C3CCC(C3(CC(C2(C4(C1=CC(=O)C=C4)C)F)O)C)(C(=O)C)O,fluorometholone,1.7e-05,-4.769551078621726,10.1021/js9802594,,"Permeability of cornea, sclera, and conjunctiva: a literature analysis for drug delivery to the eye",American Geophysical Union (AGU),1998,0,3,table 1
CC(C1=CC(=C(C=C1)C2=CC=CC=C2)F)C(=O)O,flurbiprofen,2.1e-05,-4.6777807052660805,10.1021/js9802594,,"Permeability of cornea, sclera, and conjunctiva: a literature analysis for drug delivery to the eye",American Geophysical Union (AGU),1998,0,3,table 1
CC(C1=CC(=C(C=C1)C2=CC=CC=C2)F)C(=O)N,Flurbiprofen amide,2.2e-05,-4.657577319177793,10.1021/js9802594,,"Permeability of cornea, sclera, and conjunctiva: a literature analysis for drug delivery to the eye",American Geophysical Union (AGU),1998,0,3,table 1
C(C(CO)O)O,glycerol,4.5e-06,-5.346787486224656,10.1021/js9802594,,"Permeability of cornea, sclera, and conjunctiva: a literature analysis for drug delivery to the eye",American Geophysical Union (AGU),1998,0,3,table 1
CC12CCC(=O)C=C1CCC3C2C(CC4(C3CCC4(C(=O)CO)O)C)O,hydrocortisone,8.5e-06,-5.070581074285707,10.1021/js9802594,,"Permeability of cornea, sclera, and conjunctiva: a literature analysis for drug delivery to the eye",American Geophysical Union (AGU),1998,0,3,table 1
C(C1C(C(C(C(O1)OC2(C(C(C(O2)CO)O)O)COC3(C(C(C(O3)CO)O)O)COC4(C(C(C(O4)CO)O)O)COC5(C(C(C(O5)CO)O)O)COC6(C(C(C(O6)CO)O)O)COC7(C(C(C(O7)CO)O)O)COC8(C(C(C(O8)CO)O)O)COC9(C(C(C(O9)CO)O)O)COC1(C(C(C(O1)CO)O)O)COC1(C(C(C(O1)CO)O)O)COC1(C(C(C(O1)CO)O)O)COC1(C(C(C(O1)CO)O)O)COC1(C(C(C(O1)CO)O)O)COC1(C(C(C(O1)CO)O)O)COC1(C(C(C(O1)CO)O)O)COC1(C(C(C(O1)CO)O)O)COC1(C(C(C(O1)CO)O)O)COC1(C(C(C(O1)CO)O)O)COC1(C(C(C(O1)CO)O)O)COC1(C(C(C(O1)CO)O)O)COC1(C(C(C(O1)CO)O)O)COC1(C(C(C(O1)CO)O)O)COC1(C(C(C(O1)CO)O)O)COC1(C(C(C(O1)CO)O)O)COC1(C(C(C(O1)CO)O)O)COC1(C(C(C(O1)CO)O)O)COC1(C(C(C(O1)CO)O)O)COC1(C(C(C(O1)CO)O)O)COC1(C(C(C(O1)CO)O)O)COC1(C(C(C(O1)CO)O)O)COC1(C(C(C(O1)CO)O)O)COC1(C(C(C(O1)CO)O)O)COC1(C(C(C(O1)CO)O)O)COC1(C(C(C(O1)CO)O)O)COC1(C(C(C(O1)CO)O)O)COC1(C(C(C(O1)CO)O)O)COC1(C(C(C(O1)CO)O)O)CO)O)O)O)O,inulin,5.5e-07,-6.259637310505756,10.1021/js9802594,,"Permeability of cornea, sclera, and conjunctiva: a literature analysis for drug delivery to the eye",American Geophysical Union (AGU),1998,0,3,table 1
CC(CCC1=CC=CC=C1)NCC(C2=CC(=C(C=C2)O)C(=O)N)O,labetalol,1.4e-05,-4.853871964321762,10.1021/js9802594,,"Permeability of cornea, sclera, and conjunctiva: a literature analysis for drug delivery to the eye",American Geophysical Union (AGU),1998,0,3,table 1
CC(C)(C)NCC(COC1=CC=CC2=C1CCCC2=O)O,levobunolol,2.9e-05,-4.5376020021010435,10.1021/js9802594,,"Permeability of cornea, sclera, and conjunctiva: a literature analysis for drug delivery to the eye",American Geophysical Union (AGU),1998,0,3,table 1
C(C(C(C(C(CO)O)O)O)O)O,mannitol,2.4e-06,-5.619788758288394,10.1021/js9802594,,"Permeability of cornea, sclera, and conjunctiva: a literature analysis for drug delivery to the eye",American Geophysical Union (AGU),1998,0,3,table 1
CN1C(=N)SC(=N1)S(=O)(=O)N,methazolamide der,7.8e-07,-6.107905397309519,10.1021/js9802594,,"Permeability of cornea, sclera, and conjunctiva: a literature analysis for drug delivery to the eye",American Geophysical Union (AGU),1998,0,3,table 1
C1=CC=C(C=C1)NCNC2=CC=CC=C2,Methylene dianiline,2.5e-05,-4.6020599913279625,10.1021/js9802594,,"Permeability of cornea, sclera, and conjunctiva: a literature analysis for drug delivery to the eye",American Geophysical Union (AGU),1998,0,3,table 1
CC(C)CNC1CCS(=O)(=O)C2=C1C=C(S2)S(=O)(=O)N.Cl,MK-927,4.6e-06,-5.337242168318426,10.1021/js9802594,,"Permeability of cornea, sclera, and conjunctiva: a literature analysis for drug delivery to the eye",American Geophysical Union (AGU),1998,0,3,table 1
CC(C)(C)NCC(COC1=CC=CC2=C1CC(C(C2)O)O)O,nadolol,1.4e-06,-5.853871964321762,10.1021/js9802594,,"Permeability of cornea, sclera, and conjunctiva: a literature analysis for drug delivery to the eye",American Geophysical Union (AGU),1998,0,3,table 1
CC(=O)OC1CC2=C(CC1OC(=O)C)C(=CC=C2)OCC(CNC(C)(C)C)O,nadolol diacetate,4.8e-06,-5.318758762624412,10.1021/js9802594,,"Permeability of cornea, sclera, and conjunctiva: a literature analysis for drug delivery to the eye",American Geophysical Union (AGU),1998,0,3,table 1
CC(C)(C)NCC(COC1=CC=CC=C1C2CCCC2)O,penbutolol,2.2e-05,-4.657577319177793,10.1021/js9802594,,"Permeability of cornea, sclera, and conjunctiva: a literature analysis for drug delivery to the eye",American Geophysical Union (AGU),1998,0,3,table 1
CNCC(C1=CC(=CC=C1)O)O,phenylephrine,9.4e-07,-6.026872146400302,10.1021/js9802594,,"Permeability of cornea, sclera, and conjunctiva: a literature analysis for drug delivery to the eye",American Geophysical Union (AGU),1998,0,3,table 1
CCC1C(COC1=O)CC2=CN=CN2C,pilocarpine,1.7e-05,-4.769551078621726,10.1021/js9802594,,"Permeability of cornea, sclera, and conjunctiva: a literature analysis for drug delivery to the eye",American Geophysical Union (AGU),1998,0,3,table 1
CC12CC(C3C(C1CCC2(C(=O)CO)O)CCC4=CC(=O)C=CC34C)O,prednisolone,3.7e-06,-5.431798275933005,10.1021/js9802594,,"Permeability of cornea, sclera, and conjunctiva: a literature analysis for drug delivery to the eye",American Geophysical Union (AGU),1998,0,3,table 1
CC(=O)OCC(=O)C1(CCC2C1(CC(C3C2CCC4=CC(=O)C=CC34C)O)C)O,Prednisolone acetate,3.3e-05,-4.481486060122113,10.1021/js9802594,,"Permeability of cornea, sclera, and conjunctiva: a literature analysis for drug delivery to the eye",American Geophysical Union (AGU),1998,0,3,table 1
CCN(CC)CCOC(=O)C1=CC=C(C=C1)N,procaine,4.2e-06,-5.376750709602099,10.1021/js9802594,,"Permeability of cornea, sclera, and conjunctiva: a literature analysis for drug delivery to the eye",American Geophysical Union (AGU),1998,0,3,table 1
CC(=O)C1CCC2C1(CCC3C2CCC4=CC(=O)CCC34C)C,progesterone,2.0e-05,-4.698970004336019,10.1021/js9802594,,"Permeability of cornea, sclera, and conjunctiva: a literature analysis for drug delivery to the eye",American Geophysical Union (AGU),1998,0,3,table 1
CCC1C2CC3C4C5(CC(C2C5O)N3C1O)C6=CC=CC=C6N4C,rauwolfine,9.2e-06,-5.036212172654444,10.1021/js9802594,,"Permeability of cornea, sclera, and conjunctiva: a literature analysis for drug delivery to the eye",American Geophysical Union (AGU),1998,0,3,table 1
COC1=C2CCNCC2=C(C=C1)OC,SKF 72223,4.9e-05,-4.309803919971486,10.1021/js9802594,,"Permeability of cornea, sclera, and conjunctiva: a literature analysis for drug delivery to the eye",American Geophysical Union (AGU),1998,0,3,table 1
CN1CCC2=C(CC1)C(=CC=C2)Cl,SKF 86466,7.1e-05,-4.1487416512809245,10.1021/js9802594,,"Permeability of cornea, sclera, and conjunctiva: a literature analysis for drug delivery to the eye",American Geophysical Union (AGU),1998,0,3,table 1
C1CNCC2=C1C=CC3=C2N=NS3,SKF 86607,7.9e-05,-4.102372908709558,10.1021/js9802594,,"Permeability of cornea, sclera, and conjunctiva: a literature analysis for drug delivery to the eye",American Geophysical Union (AGU),1998,0,3,table 1
C(C1C(C(C(C(O1)OC2(C(C(C(O2)CO)O)O)CO)O)O)O)O,sucrose,4.3e-06,-5.366531544420414,10.1021/js9802594,,"Permeability of cornea, sclera, and conjunctiva: a literature analysis for drug delivery to the eye",American Geophysical Union (AGU),1998,0,3,table 1
C1=CC(=CC=C1N)S(=O)(=O)N,sulfanilamide,5.0e-07,-6.301029995663981,10.1021/js9802594,,"Permeability of cornea, sclera, and conjunctiva: a literature analysis for drug delivery to the eye",American Geophysical Union (AGU),1998,0,3,table 1
C1=CC=C2C(=C1)NC(=N2)S(=O)(=O)N,sulfonamide der. 2m,3.0e-06,-5.522878745280337,10.1021/js9802594,,"Permeability of cornea, sclera, and conjunctiva: a literature analysis for drug delivery to the eye",American Geophysical Union (AGU),1998,0,3,table 1
CC12CCC3C(C1CCC2O)CCC4=CC(=O)CCC34C,testosterone,4.2e-05,-4.376750709602099,10.1021/js9802594,,"Permeability of cornea, sclera, and conjunctiva: a literature analysis for drug delivery to the eye",American Geophysical Union (AGU),1998,0,3,table 1
CCCCNC1=CC=C(C=C1)C(=O)OCCN(C)C,tetracaine,1.5e-06,-5.823908740944319,10.1021/js9802594,,"Permeability of cornea, sclera, and conjunctiva: a literature analysis for drug delivery to the eye",American Geophysical Union (AGU),1998,0,3,table 1
C1=CC=C(C=C1)N=C2N3C(=NS2)SC(=N3)S(=O)(=O)N,Thiadiazole der.1n,7.9e-06,-5.102372908709558,10.1021/js9802594,,"Permeability of cornea, sclera, and conjunctiva: a literature analysis for drug delivery to the eye",American Geophysical Union (AGU),1998,0,3,table 1
C1=CC(=CC(=C1)Cl)N=C2N3C(=NS2)SC(=N3)S(=O)(=O)N,Thiadiazole der.2n,1.3e-05,-4.886056647693163,10.1021/js9802594,,"Permeability of cornea, sclera, and conjunctiva: a literature analysis for drug delivery to the eye",American Geophysical Union (AGU),1998,0,3,table 1
C1=CC(=CC=C1N=C2N3C(=NS2)SC(=N3)S(=O)(=O)N)Cl,Thiadiazole der.3n,8.3e-06,-5.080921907623926,10.1021/js9802594,,"Permeability of cornea, sclera, and conjunctiva: a literature analysis for drug delivery to the eye",American Geophysical Union (AGU),1998,0,3,table 1
COC1=CC=CC(=C1)N=C2N3C(=NS2)SC(=N3)S(=O)(=O)N,Thiadiazole der.4n,4.5e-06,-5.346787486224656,10.1021/js9802594,,"Permeability of cornea, sclera, and conjunctiva: a literature analysis for drug delivery to the eye",American Geophysical Union (AGU),1998,0,3,table 1
COC1=CC=C(C=C1)N=C2N3C(=NS2)SC(=N3)S(=O)(=O)N,Thiadiazole der.5n,5.2e-06,-5.2839966563652006,10.1021/js9802594,,"Permeability of cornea, sclera, and conjunctiva: a literature analysis for drug delivery to the eye",American Geophysical Union (AGU),1998,0,3,table 1
C1=CC(=CC=C1N=C2N3C(=NS2)SC(=N3)S(=O)(=O)N)O,Thiadiazole der.6n,3.5e-07,-6.455931955649724,10.1021/js9802594,,"Permeability of cornea, sclera, and conjunctiva: a literature analysis for drug delivery to the eye",American Geophysical Union (AGU),1998,0,3,table 1
C1=CC=C(C=C1)C(=O)NC2=NN=C(S2)S(=O)(=O)N,Acetazolamide der.1g,6.0e-07,-6.221848749616356,10.1021/js9802594,,"Permeability of cornea, sclera, and conjunctiva: a literature analysis for drug delivery to the eye",American Geophysical Union (AGU),1998,0,2,table 1
C1(=NN=C(S1)[S](=O)(=O)N([H])[H])N(C(=O)CCC(C)=C)[H],Acetazolamide der.2g,5.6e-07,-6.251811972993799,10.1021/js9802594,,"Permeability of cornea, sclera, and conjunctiva: a literature analysis for drug delivery to the eye",American Geophysical Union (AGU),1998,0,2,table 1
CC(=O)N(C)C1=NN=C(S1)S(=O)(=O)N,Acetazolamide der.3g,2.3e-06,-5.638272163982407,10.1021/js9802594,,"Permeability of cornea, sclera, and conjunctiva: a literature analysis for drug delivery to the eye",American Geophysical Union (AGU),1998,0,2,table 1
C1=CC=C(C=C1)N,aniline,3.6e-05,-4.443697499232712,10.1021/js9802594,,"Permeability of cornea, sclera, and conjunctiva: a literature analysis for drug delivery to the eye",American Geophysical Union (AGU),1998,0,2,table 1
CC(=O)NC1=CC=C(C=C1)N,Aniline der.1h,3.6e-06,-5.443697499232713,10.1021/js9802594,,"Permeability of cornea, sclera, and conjunctiva: a literature analysis for drug delivery to the eye",American Geophysical Union (AGU),1998,0,2,table 1
CC(=O)C1=CC=C(C=C1)N,Aniline der.2h,3.2e-05,-4.494850021680094,10.1021/js9802594,,"Permeability of cornea, sclera, and conjunctiva: a literature analysis for drug delivery to the eye",American Geophysical Union (AGU),1998,0,2,table 1
C1=CC(=CC=C1C(=O)N)N,Aniline der.3h,1.7e-06,-5.769551078621726,10.1021/js9802594,,"Permeability of cornea, sclera, and conjunctiva: a literature analysis for drug delivery to the eye",American Geophysical Union (AGU),1998,0,2,table 1
C1=CC(=CC=C1CO)N,Aniline der.4h,1.7e-05,-4.769551078621726,10.1021/js9802594,,"Permeability of cornea, sclera, and conjunctiva: a literature analysis for drug delivery to the eye",American Geophysical Union (AGU),1998,0,2,table 1
C1=CC(=CC=C1CCO)N,Aniline der.5h,2.0e-05,-4.698970004336019,10.1021/js9802594,,"Permeability of cornea, sclera, and conjunctiva: a literature analysis for drug delivery to the eye",American Geophysical Union (AGU),1998,0,2,table 1
C1=CC(=CC=C1N)Cl,Aniline der.6h,3.5e-05,-4.455931955649724,10.1021/js9802594,,"Permeability of cornea, sclera, and conjunctiva: a literature analysis for drug delivery to the eye",American Geophysical Union (AGU),1998,0,2,table 1
CCOC1=CC=C(C=C1)N,Aniline der.7h,3.1e-05,-4.508638306165727,10.1021/js9802594,,"Permeability of cornea, sclera, and conjunctiva: a literature analysis for drug delivery to the eye",American Geophysical Union (AGU),1998,0,2,table 1
CCC1=CC=C(C=C1)N,Aniline der.8h,2.7e-05,-4.568636235841013,10.1021/js9802594,,"Permeability of cornea, sclera, and conjunctiva: a literature analysis for drug delivery to the eye",American Geophysical Union (AGU),1998,0,2,table 1
CC(C)C1=CC=C(C=C1)N,Aniline der.9h,2.4e-05,-4.619788758288394,10.1021/js9802594,,"Permeability of cornea, sclera, and conjunctiva: a literature analysis for drug delivery to the eye",American Geophysical Union (AGU),1998,0,2,table 1
COC1=CC=C(C=C1)N,Aniline der.10h,3.5e-05,-4.455931955649724,10.1021/js9802594,,"Permeability of cornea, sclera, and conjunctiva: a literature analysis for drug delivery to the eye",American Geophysical Union (AGU),1998,0,2,table 1
CC1=CC=C(C=C1)N,Aniline der.11h,3.0e-05,-4.522878745280337,10.1021/js9802594,,"Permeability of cornea, sclera, and conjunctiva: a literature analysis for drug delivery to the eye",American Geophysical Union (AGU),1998,0,2,table 1
C1=CC=C(C=C1)S(=O)(=O)NC2=NN=C(S2)S(=O)(=O)N,benzolamide,3.3e-07,-6.481486060122113,10.1021/js9802594,,"Permeability of cornea, sclera, and conjunctiva: a literature analysis for drug delivery to the eye",American Geophysical Union (AGU),1998,0,2,table 1
CC(=O)N(C1=NN=C(S1)S(=O)(=O)N)Br,bromacetazolamide,4.2e-07,-6.376750709602099,10.1021/js9802594,,"Permeability of cornea, sclera, and conjunctiva: a literature analysis for drug delivery to the eye",American Geophysical Union (AGU),1998,0,2,table 1
C1=CC(=CC=C1C(C(CO)NC(=O)C(Cl)Cl)O)[N+](=O)[O-],chloramphenicol,6.8e-06,-5.167491087293763,10.1021/js9802594,,"Permeability of cornea, sclera, and conjunctiva: a literature analysis for drug delivery to the eye",American Geophysical Union (AGU),1998,0,2,table 1
C1=CC=C(C(=C1)C2=NN=C(S2)S(=O)(=O)N)Cl,chlorzolamide,1.8e-05,-4.7447274948966935,10.1021/js9802594,,"Permeability of cornea, sclera, and conjunctiva: a literature analysis for drug delivery to the eye",American Geophysical Union (AGU),1998,0,2,table 1
CC1=C(N=CN1)CSCCNC(=NC)NC#N,cimetidine,7.0e-07,-6.154901959985743,10.1021/js9802594,,"Permeability of cornea, sclera, and conjunctiva: a literature analysis for drug delivery to the eye",American Geophysical Union (AGU),1998,0,2,table 1
CN1C2CCC1C(C(C2)OC(=O)C3=CC=CC=C3)C(=O)OC,cocaine,6.1e-06,-5.214670164989233,10.1021/js9802594,,"Permeability of cornea, sclera, and conjunctiva: a literature analysis for drug delivery to the eye",American Geophysical Union (AGU),1998,0,2,table 1
CC12CCC(=O)C=C1CCC3C2CCC4(C3CCC4(C(=O)CO)O)C,cortexolone,3.0e-05,-4.522878745280337,10.1021/js9802594,,"Permeability of cornea, sclera, and conjunctiva: a literature analysis for drug delivery to the eye",American Geophysical Union (AGU),1998,0,2,table 1
COC(=O)C1C(CCC2C1CC3C4=C(CCN3C2)C5=CC=CC=C5N4)O,corynanthine,1.1e-05,-4.958607314841775,10.1021/js9802594,,"Permeability of cornea, sclera, and conjunctiva: a literature analysis for drug delivery to the eye",American Geophysical Union (AGU),1998,0,2,table 1
CCC1C(=O)N(CC(=O)N(C(C(=O)NC(C(=O)N(C(C(=O)NC(C(=O)NC(C(=O)N(C(C(=O)N(C(C(=O)N(C(C(=O)N(C(C(=O)N1)C(C(C)CC=CC)O)C)C(C)C)C)CC(C)C)C)CC(C)C)C)C)C)CC(C)C)C)C(C)C)CC(C)C)C)C,cyclosporin,1.1e-05,-4.958607314841775,10.1021/js9802594,,"Permeability of cornea, sclera, and conjunctiva: a literature analysis for drug delivery to the eye",American Geophysical Union (AGU),1998,0,2,table 1
CC12CCC3C(C1CCC2C(=O)CO)CCC4=CC(=O)CCC34C,deoxycorticosterone,4.0e-05,-4.3979400086720375,10.1021/js9802594,,"Permeability of cornea, sclera, and conjunctiva: a literature analysis for drug delivery to the eye",American Geophysical Union (AGU),1998,0,2,table 1
C(C=O)C(C(C(CO)O)O)O,2-deoxyglucose,7.4e-06,-5.130768280269024,10.1021/js9802594,,"Permeability of cornea, sclera, and conjunctiva: a literature analysis for drug delivery to the eye",American Geophysical Union (AGU),1998,0,2,table 1
[C@H]1([C@H]([C@@H](C[C@H](O1)OC2CC2)O[H])O[H])CO[H],2-deoxyglucose der.1i,2.2e-06,-5.657577319177793,10.1021/js9802594,,"Permeability of cornea, sclera, and conjunctiva: a literature analysis for drug delivery to the eye",American Geophysical Union (AGU),1998,0,2,table 1
CCOC1CC(C(C(O1)CO)O)O,2-deoxyglucose der.2i,2.9e-06,-5.5376020021010435,10.1021/js9802594,,"Permeability of cornea, sclera, and conjunctiva: a literature analysis for drug delivery to the eye",American Geophysical Union (AGU),1998,0,2,table 1
CC(C)OC1CC(C(C(O1)CO)O)O,2-deoxyglucose der.3i,1.8e-06,-5.7447274948966935,10.1021/js9802594,,"Permeability of cornea, sclera, and conjunctiva: a literature analysis for drug delivery to the eye",American Geophysical Union (AGU),1998,0,2,table 1
COC1CC(C(C(O1)CO)O)O,2-deoxyglucose der.4i,4.6e-06,-5.337242168318426,10.1021/js9802594,,"Permeability of cornea, sclera, and conjunctiva: a literature analysis for drug delivery to the eye",American Geophysical Union (AGU),1998,0,2,table 1
CC1CC2C3CCC4=CC(=O)C=CC4(C3(C(CC2(C1(C(=O)CO)O)C)O)F)C,dexamethasone,5.0e-06,-5.301029995663981,10.1021/js9802594,,"Permeability of cornea, sclera, and conjunctiva: a literature analysis for drug delivery to the eye",American Geophysical Union (AGU),1998,0,2,table 1
CC1CC2C3CCC4=CC(=O)C=CC4(C3(C(CC2(C1(C(=O)COC(=O)C)O)C)O)F)C,Dexamethasone acetate,3.7e-05,-4.431798275933005,10.1021/js9802594,,"Permeability of cornea, sclera, and conjunctiva: a literature analysis for drug delivery to the eye",American Geophysical Union (AGU),1998,0,2,table 1
COC1=CC(=C(C=C1)OC)N,"2,5-dimethoxyaniline",3.3e-05,-4.481486060122113,10.1021/js9802594,,"Permeability of cornea, sclera, and conjunctiva: a literature analysis for drug delivery to the eye",American Geophysical Union (AGU),1998,0,2,table 1
C(CN(CC(=O)O)CC(=O)O)N(CC(=O)O)CC(=O)O,Edetic acid (EDTA),2.1e-06,-5.6777807052660805,10.1021/js9802594,,"Permeability of cornea, sclera, and conjunctiva: a literature analysis for drug delivery to the eye",American Geophysical Union (AGU),1998,0,2,table 1
C(CO)N,ethanolamine,5.0e-07,-6.301029995663981,10.1021/js9802594,,"Permeability of cornea, sclera, and conjunctiva: a literature analysis for drug delivery to the eye",American Geophysical Union (AGU),1998,0,2,table 1
CCOC1=CC2=C(C=C1)N=C(S2)S(=O)(=O)N,ethoxzolamide,4.4e-05,-4.356547323513813,10.1021/js9802594,,"Permeability of cornea, sclera, and conjunctiva: a literature analysis for drug delivery to the eye",American Geophysical Union (AGU),1998,0,2,table 1
C1=CC=C2C(=C1)N=C(S2)S(=O)(=O)N,Ethoxzolamide der.1j,3.6e-05,-4.443697499232712,10.1021/js9802594,,"Permeability of cornea, sclera, and conjunctiva: a literature analysis for drug delivery to the eye",American Geophysical Union (AGU),1998,0,2,table 1
C1=CC2=C(C=C1O)SC(=N2)S(=O)(=O)N,Ethoxzolamide der.2j,5.6e-06,-5.251811972993799,10.1021/js9802594,,"Permeability of cornea, sclera, and conjunctiva: a literature analysis for drug delivery to the eye",American Geophysical Union (AGU),1998,0,2,table 1
C1=CC2=C(C=C1Cl)SC(=N2)S(=O)(=O)N,Ethoxzolamide der.3j,4.3e-05,-4.366531544420414,10.1021/js9802594,,"Permeability of cornea, sclera, and conjunctiva: a literature analysis for drug delivery to the eye",American Geophysical Union (AGU),1998,0,2,table 1
C1=C(C=C(C2=C1SC(=N2)S(=O)(=O)N)Cl)Cl,Ethoxzolamide der.4j,3.9e-05,-4.4089353929735005,10.1021/js9802594,,"Permeability of cornea, sclera, and conjunctiva: a literature analysis for drug delivery to the eye",American Geophysical Union (AGU),1998,0,2,table 1
C1=CC2=C(C=C1N)SC(=N2)S(=O)(=O)N,Ethoxzolamide der.5j,6.7e-06,-5.173925197299174,10.1021/js9802594,,"Permeability of cornea, sclera, and conjunctiva: a literature analysis for drug delivery to the eye",American Geophysical Union (AGU),1998,0,2,table 1
C1=CC2=C(C=C1[N+](=O)[O-])SC(=N2)S(=O)(=O)N,Ethoxzolamide der.6j,6.6e-06,-5.180456064458132,10.1021/js9802594,,"Permeability of cornea, sclera, and conjunctiva: a literature analysis for drug delivery to the eye",American Geophysical Union (AGU),1998,0,2,table 1
C1=CC2=C(C=C1OCCO)SC(=N2)S(=O)(=O)N,Ethoxzolamide der.7j,1.5e-06,-5.823908740944319,10.1021/js9802594,,"Permeability of cornea, sclera, and conjunctiva: a literature analysis for drug delivery to the eye",American Geophysical Union (AGU),1998,0,2,table 1
C1=CC=C(C=C1)COC2=CC3=C(C=C2)N=C(S3)S(=O)(=O)N,Ethoxzolamide der.8j,4.7e-05,-4.327902142064283,10.1021/js9802594,,"Permeability of cornea, sclera, and conjunctiva: a literature analysis for drug delivery to the eye",American Geophysical Union (AGU),1998,0,2,table 1
CC(=O)NC1=CC2=C(C=C1)N=C(S2)S(=O)(=O)N,Ethoxzolamide der.9j,4.7e-06,-5.327902142064283,10.1021/js9802594,,"Permeability of cornea, sclera, and conjunctiva: a literature analysis for drug delivery to the eye",American Geophysical Union (AGU),1998,0,2,table 1
C1=CC(=CC(=C1)F)N=C2N3C(=NS2)SC(=N3)S(=O)(=O)N,Thiadiazole der.7n,6.4e-06,-5.1938200260161125,10.1021/js9802594,,"Permeability of cornea, sclera, and conjunctiva: a literature analysis for drug delivery to the eye",American Geophysical Union (AGU),1998,0,4,table 1
C1=CC(=CC=C1N=C2N3C(=NS2)SC(=N3)S(=O)(=O)N)F,Thiadiazole der.8n,4.1e-06,-5.3872161432802645,10.1021/js9802594,,"Permeability of cornea, sclera, and conjunctiva: a literature analysis for drug delivery to the eye",American Geophysical Union (AGU),1998,0,4,table 1
CN(C)C1=CC=C(C=C1)N=C2N3C(=NS2)SC(=N3)S(=O)(=O)N,Thiadiazole der.9n,5.8e-06,-5.236572006437063,10.1021/js9802594,,"Permeability of cornea, sclera, and conjunctiva: a literature analysis for drug delivery to the eye",American Geophysical Union (AGU),1998,0,4,table 1
CC(C)(C)NCC(COC1=NSN=C1N2CCOCC2)O,timolol,1.2e-05,-4.920818753952375,10.1021/js9802594,,"Permeability of cornea, sclera, and conjunctiva: a literature analysis for drug delivery to the eye",American Geophysical Union (AGU),1998,0,4,table 1
C1C(C(C(C(C1N)OC2C(C(C(C(O2)CO)O)N)O)O)OC3C(CC(C(O3)CN)O)N)N,tobramycin,5.2e-07,-6.2839966563652006,10.1021/js9802594,,"Permeability of cornea, sclera, and conjunctiva: a literature analysis for drug delivery to the eye",American Geophysical Union (AGU),1998,0,4,table 1
CC1(OC2CC3C4CCC5=CC(=O)C=CC5(C4(C(CC3(C2(O1)C(=O)CO)C)O)F)C)C,triamcinolone acetonide,1.2e-05,-4.920818753952375,10.1021/js9802594,,"Permeability of cornea, sclera, and conjunctiva: a literature analysis for drug delivery to the eye",American Geophysical Union (AGU),1998,0,4,table 1
CN1C(=NC(=O)C(Cl)(Cl)Cl)SC(=N1)S(=O)(=O)N,trichlormethazolamide,6.5e-06,-5.187086643357144,10.1021/js9802594,,"Permeability of cornea, sclera, and conjunctiva: a literature analysis for drug delivery to the eye",American Geophysical Union (AGU),1998,0,4,table 1
CN1C(=NC(=O)C(F)(F)F)SC(=N1)S(=O)(=O)N,trifluormethazolamide,3.9e-06,-5.4089353929735005,10.1021/js9802594,,"Permeability of cornea, sclera, and conjunctiva: a literature analysis for drug delivery to the eye",American Geophysical Union (AGU),1998,0,4,table 1
C1=CC=C2C(=C1)N=C(S2)S(=O)(=O)N,2-benzothiazole-sulfonamide,3.6e-05,-4.443697499232712,10.1007/s11095-010-0132-8,,Prediction of the Corneal Permeability of Drug-Like Compounds,Springer Science and Business Media LLC,2010,0,3,table 1
CCN1C2=CC3=C(C=C2C(=O)C(=N1)C(=O)O)OCO3,cinoxacin,1.5e-06,-5.823908740944319,10.1007/s11095-010-0132-8,,Prediction of the Corneal Permeability of Drug-Like Compounds,Springer Science and Business Media LLC,2010,0,4,table 1
CCN1C=C(C(=O)C2=C1N=C(C=C2)C)C(=O)O,Nalidixic acid,1.7e-05,-4.769551078621726,10.1007/s11095-010-0132-8,,Prediction of the Corneal Permeability of Drug-Like Compounds,Springer Science and Business Media LLC,2010,0,4,table 1
CCN1C=C(C(=O)C2=CC(=C(N=C21)N3CCNCC3)F)C(=O)O,enoxacin,1.7e-06,-5.769551078621726,10.1007/s11095-010-0132-8,,Prediction of the Corneal Permeability of Drug-Like Compounds,Springer Science and Business Media LLC,2010,0,4,table 1
CCN1C=C(C(=O)C2=CC(=C(C=C21)N3CCNCC3)F)C(=O)O,norfloxacin,1.4e-06,-5.853871964321762,10.1007/s11095-010-0132-8,,Prediction of the Corneal Permeability of Drug-Like Compounds,Springer Science and Business Media LLC,2010,0,4,table 1
CC1COC2=C3N1C=C(C(=O)C3=CC(=C2N4CCN(CC4)C)F)C(=O)O,ofloxacin,1.9e-06,-5.721246399047171,10.1007/s11095-010-0132-8,,Prediction of the Corneal Permeability of Drug-Like Compounds,Springer Science and Business Media LLC,2010,0,4,table 1
C1CC1N2C=C(C(=O)C3=CC(=C(C=C32)N4CCNCC4)F)C(=O)O,ciprofloxacin,1.3e-06,-5.886056647693163,10.1007/s11095-010-0132-8,,Prediction of the Corneal Permeability of Drug-Like Compounds,Springer Science and Business Media LLC,2010,0,4,table 1
CC1(C(N2C(S1)C(C2=O)NC(=O)C(C3=CC=CC=C3)N)C(=O)O)C,Ampicillin,1.9e-07,-6.723538195826756,10.1016/j.ejps.2018.03.034,,Corneal and conjunctival drug permeability: Systematic comparison and pharmacokinetic impact in the eye,Elsevier BV,2018,0,3,table 1
CN1C2CCC1CC(C2)OC(=O)C(CO)C3=CC=CC=C3,Atropine,5.6e-07,-6.248720896016658,10.1016/j.ejps.2018.03.034,,Corneal and conjunctival drug permeability: Systematic comparison and pharmacokinetic impact in the eye,Elsevier BV,2018,0,3,table 1
CC1C(C(=O)N1S(=O)(=O)O)NC(=O)C(=NOC(C)(C)C(=O)O)C2=CSC(=N2)N,Aztreonam,1.02e-07,-6.991399828238082,10.1016/j.ejps.2018.03.034,,Corneal and conjunctival drug permeability: Systematic comparison and pharmacokinetic impact in the eye,Elsevier BV,2018,0,3,table 1
CCNC1CN(S(=O)(=O)C2=C1C=C(S2)S(=O)(=O)N)CCCOC,Brinzolamide,1.36e-07,-6.866461091629782,10.1016/j.ejps.2018.03.034,,Corneal and conjunctival drug permeability: Systematic comparison and pharmacokinetic impact in the eye,Elsevier BV,2018,0,3,table 1
C1=CC(=C(C(=C1)C(=O)C2=CC=C(C=C2)Br)N)CC(=O)O,Bromfenac,3.99e-07,-6.399027104313252,10.1016/j.ejps.2018.03.034,,Corneal and conjunctival drug permeability: Systematic comparison and pharmacokinetic impact in the eye,Elsevier BV,2018,0,3,table 1
CC(C)(C)NCC(COC1=CC=CC2=C1CCC(=O)N2)O,Carteolol,1.43e-07,-6.844663962534939,10.1016/j.ejps.2018.03.034,,Corneal and conjunctival drug permeability: Systematic comparison and pharmacokinetic impact in the eye,Elsevier BV,2018,0,3,table 1
C1=CC=C(C(=C1)CC(=O)O)NC2=C(C=CC=C2Cl)Cl,Diclofenac,6.2e-07,-6.2076083105017466,10.1016/j.ejps.2018.03.034,,Corneal and conjunctival drug permeability: Systematic comparison and pharmacokinetic impact in the eye,Elsevier BV,2018,0,3,table 1
C1=CC(=C(C=C1F)F)C(CN2C=NC=N2)(CN3C=NC=N3)O,Fluconazole,10.0e-07,-6.001304841688344,10.1016/j.ejps.2018.03.034,,Corneal and conjunctival drug permeability: Systematic comparison and pharmacokinetic impact in the eye,Elsevier BV,2018,0,3,table 1
C1CN2C(=CC=C2C(=O)C3=CC=CC=C3)C1C(=O)O,Ketorolac,3.49e-07,-6.45717457304082,10.1016/j.ejps.2018.03.034,,Corneal and conjunctival drug permeability: Systematic comparison and pharmacokinetic impact in the eye,Elsevier BV,2018,0,3,table 1
CC1CN(CCC1(C2=CC=CC=C2)C(=O)O)C3CCC(CC3)(C#N)C4=CC=C(C=C4)F,Levocabastine,4.08e-07,-6.38933983691012,10.1016/j.ejps.2018.03.034,,Corneal and conjunctival drug permeability: Systematic comparison and pharmacokinetic impact in the eye,Elsevier BV,2018,0,3,table 1
CCCC1CC(N(C1)C)C(=O)NC(C2C(C(C(C(O2)SC)O)O)O)C(C)O,Lincomycin,9.00e-08,-7.045757490560675,10.1016/j.ejps.2018.03.034,,Corneal and conjunctival drug permeability: Systematic comparison and pharmacokinetic impact in the eye,Elsevier BV,2018,0,3,table 1
COC1=CC2=C(C=CN=C2C=C1)C(C3CC4CCN3CC4C=C)O,Quinidine,8.68e-07,-6.061480274823508,10.1016/j.ejps.2018.03.034,,Corneal and conjunctival drug permeability: Systematic comparison and pharmacokinetic impact in the eye,Elsevier BV,2018,0,3,table 1
C1CN=C(N1)NC2=C(C=CC3=NSN=C32)Cl,Tizanidine,4.704e-06,-5.327532686931918,10.1016/j.ejps.2018.03.034,,Corneal and conjunctival drug permeability: Systematic comparison and pharmacokinetic impact in the eye,Elsevier BV,2018,0,3,table 1
CC(C1=NC=NC=C1F)C(CN2C=NC=N2)(C3=C(C=C(C=C3)F)F)O,Voriconazole,3.168e-06,-5.499214827082544,10.1016/j.ejps.2018.03.034,,Corneal and conjunctival drug permeability: Systematic comparison and pharmacokinetic impact in the eye,Elsevier BV,2018,0,3,table 1
COC1=C2C(=CC(=C1N3C[C@@H]4CCCN[C@@H]4C3)F)C(=O)C(=CN2C5CC5)C(=O)O,Moxifloxacin,9.10e-06,-5.04,10.1016/j.talanta.2011.08.060,,Quantitative and qualitative prediction of corneal permeability for drug-like compounds,Elsevier BV,2011,0,3,table 1
C[C@H]1COC2=C3N1C=C(C(=O)C3=CC(=C2N4CCN(CC4)C)F)C(=O)O,Levofloxacin,2.90e-06,-5.54,10.1016/j.talanta.2011.08.060,,Quantitative and qualitative prediction of corneal permeability for drug-like compounds,Elsevier BV,2011,0,3,table 1
CC1CN(CCN1)C2=C(C=C3C(=C2OC)N(C=C(C3=O)C(=O)O)C4CC4)F,Gatifloxacin,2.50e-06,-5.6,10.1016/j.talanta.2011.08.060,,Quantitative and qualitative prediction of corneal permeability for drug-like compounds,Elsevier BV,2011,0,3,table 1
CCN1C=C(C(=O)C2=CC(=C(C(=C21)F)N3CCNC(C3)C)F)C(=O)O,Lomefloxacin,3.50e-06,-5.46,10.1016/j.talanta.2011.08.060,,Quantitative and qualitative prediction of corneal permeability for drug-like compounds,Elsevier BV,2011,0,3,table 1
C1CCC2(C1)CC(=O)N(C(=O)C2)CCCCN3CCN(CC3)C4=NC=CC=N4,Buspirone,6.65e-05,-4.18,10.1016/j.talanta.2011.08.060,,Quantitative and qualitative prediction of corneal permeability for drug-like compounds,Elsevier BV,2011,0,3,table 1
C1CN=C(N1)NC2=C(C=C(C=C2Cl)N)Cl,Apraclonidine,3.80e-06,-5.42,10.1016/j.talanta.2011.08.060,,Quantitative and qualitative prediction of corneal permeability for drug-like compounds,Elsevier BV,2011,0,3,table 1
C1=CC=C2C(=C1)C(=O)OC23C4=C(C=C(C=C4)O)OC5=C3C=CC(=C5)O,Fluorescein,1.60e-05,-4.8,10.1016/j.talanta.2011.08.060,,Quantitative and qualitative prediction of corneal permeability for drug-like compounds,Elsevier BV,2011,0,3,table 1
C1=CC=C(C=C1)C(=O)C2=CC=CC(=C2N)CC(=O)N,Nepafenac,7.40e-05,-4.13,10.1016/j.talanta.2011.08.060,,Quantitative and qualitative prediction of corneal permeability for drug-like compounds,Elsevier BV,2011,0,3,table 1