Unnamed: 0,SMILES,DS,Method,Valid,In_Top100,QED,Veber,Lipinski,CP,MB,SA,Ghose,1-EI,KI_Tanimoto_Similarity,KI_ChemNet_Distance
612,CC=C(C=C(N)[C@@H]1C[C@@H](N)C[C@@](C)(C2N=N2)[C@H]2C=C(C)C=C[C@@H]12)CC,-8.411,DecompDiff(D),1,True,0.740751178761717,2.0,5.0,0.8170160055160522,0.7085216450216449,0.5005696803356295,4.0,0.8087629178241994,0.0608695652173913,6.59266
613,CCCNc1cc(CN)c2c(c1N)[C@@H](C)C(C)=C2,-7.476,DecompDiff(D),1,True,0.7142582851999513,2.0,5.0,0.5697786211967468,0.7559444444444443,0.7063094221991136,3.0,0.6198986199438061,0.0806451612903225,6.5252323
614,CC[C@H]1C[C@H](CN)NC2=C(C)C3=NC=C(N)C3=C2C1=N,-7.372,DecompDiff(D),1,True,0.6066415669006338,2.0,5.0,0.8978323936462402,0.6411269841269842,0.5593901109747718,4.0,0.6951329292256193,0.075268817204301,6.5182457
615,C[C@H](N)CC(=N)c1ccccc1-c1cccc(F)c1,-7.287,DecompDiff(D),1,True,0.8067317157217913,2.0,5.0,0.5415220856666565,0.8049551004551003,0.8099895923315867,3.0,0.837864086589421,0.1181102362204724,6.548366
616,CC1=C(C)[C@](N)(c2ccccc2)C(F)=C1,-7.029,DecompDiff(D),1,True,0.7454976633371521,2.0,5.0,0.0066863712854683,0.8635,0.7350535565723357,3.0,0.2595906841777262,0.0879120879120879,6.225528
617,CC[C@@H](C)CC1CC[C@@H]2CC[C@H](CC)[C@@H]2[C@H]1C(C)=N,-7.016,DecompDiff(D),1,True,0.6295893055146411,2.0,4.0,0.0054933135397732,0.773,0.6191021283241422,3.0,0.4669151547446516,0.0760869565217391,6.874713
618,CC(C)[C@@H](C#N)c1cc(F)ccc1N,-7.006,DecompDiff(D),1,True,0.7321514818353164,2.0,5.0,0.0139070926234126,0.867031746031746,0.7684437193739594,3.0,0.008591931783501,0.0823529411764705,7.19427
619,CC(=N)[C@H]1C[C@@H](F)[C@@H](c2cc(C)co2)C1,-6.953,DecompDiff(D),1,True,0.7439034272454988,2.0,5.0,0.0090296613052487,0.865,0.6008564465452316,3.0,0.3640442627507615,0.0721649484536082,6.2332892
620,CC[C@](N)(c1ccc(C(=N)N)c2c1=C(N)C=2)[C@H](C)N,-6.948,DecompDiff(D),1,True,0.3414200687266341,2.0,5.0,0.9526566863059998,0.7451666666666665,0.6160750183694645,2.0,0.9704171755804324,0.0978260869565217,6.0411253
621,C=C(CCC(=CCN)C[C@@H](c1ccccc1)C(N)N)C(=N)N,-6.946,DecompDiff(D),1,True,0.2050808827320014,2.0,5.0,0.9577001929283142,0.7908730158730158,0.6777087729454744,4.0,0.7637599024053983,0.1030927835051546,6.637107
622,C[C@H](C=N)C(=N)[C@@H]1[C@@H](CN)[C@@H](N)[C@H]2CCCC[C@@H](N)[C@@H]3[C@@]21[C@@]31CN1,-6.934,DecompDiff(D),1,True,0.3242583691283764,1.0,4.0,0.6893455386161804,0.7237222222222222,0.388248890546539,4.0,0.9430205999203416,0.0808823529411764,7.0113645
623,N=NC1=C(N)C=CC(C(=N)N)=CC(C(=N)N)=C1,-6.901,DecompDiff(D),1,True,0.2367965283360331,1.0,4.0,0.980564296245575,0.7507698412698413,0.6118295250946392,3.0,0.2091737324488929,0.081081081081081,6.5297737
624,CN[C@H]1C(N)C[C@H]2CC=CC=C(C(=N)N)[C@@H]21,-6.849,DecompDiff(D),1,True,0.4000649514398782,2.0,5.0,0.953163743019104,0.7349603174603174,0.5822254134939058,3.0,0.7145049380677639,0.0618556701030927,6.4610534
625,CCc1cccc(O)c1C(=N)C=CC(C)=N,-6.82,DecompDiff(D),1,True,0.6653693618387592,2.0,5.0,0.9155476093292236,0.8472619047619048,0.759404015559587,3.0,0.1371747531479918,0.0816326530612244,6.871343
626,CCC(=N)[C@H](C)Cc1cccc(F)c1,-6.805,DecompDiff(D),1,True,0.7082324727398012,2.0,5.0,0.0195641014724969,0.8909206349206349,0.7886550772905804,3.0,0.6307339513289203,0.1046511627906976,6.866159
627,C[C@H](C[C@H]1CC[C@@H](F)C1)[C@H]1CCC(=N)N1,-6.678,DecompDiff(D),1,True,0.741081461232755,2.0,5.0,0.0030364650301635,0.8452063492063492,0.5776708982203971,3.0,0.762653396236071,0.0769230769230769,6.824203
628,CCC1C[C@H](CC(N)=CC(N)N)[C@@H](C(=N)N)C1,-6.616,DecompDiff(D),1,True,0.2708995034493136,2.0,5.0,0.9960120916366576,0.7834920634920636,0.58447704779632,3.0,0.8886272215891097,0.0551181102362204,6.416898
629,C[C@H]1[C@@H](C)C(N)[C@H](C)[C@@]2(C[C@H]2CN)[C@H]1N,-6.616,DecompDiff(D),1,True,0.5917588547129342,2.0,5.0,0.7331212759017944,0.8320079365079365,0.4804589263515132,3.0,0.5418996258000017,0.0684931506849315,6.8793106
630,CNCC[C@H]1N[C@@H](C2=NC(=N)C=C2)C(N)(N)[C@H]2C[C@@]2(N)[C@H]1N,-6.596,DecompDiff(D),1,True,0.2856260904248532,1.0,3.0,0.977273404598236,0.6605952380952381,0.4654426824757827,3.0,0.9770492425208775,0.0827067669172932,6.514237
631,CC1CC(C=C[C@@H]2C(=N)[C@@H](C)[C@H](N)[C@H]2N)CN1,-6.579,DecompDiff(D),1,True,0.5258922222486309,2.0,5.0,0.9860068559646606,0.7239682539682541,0.5002694550218398,3.0,0.6942801654228614,0.07,6.394678
632,CC=CC1=C([C@H](CN)C(=N)F)[C@@](C)(CC)C1,-6.572,DecompDiff(D),1,True,0.6921328273296671,2.0,5.0,0.2454458326101303,0.762047619047619,0.5840450679470383,3.0,0.9008233095469984,0.0862068965517241,6.566894
633,CC[C@H](C)[C@H](CN)[C@H]1NC[C@@H]1[C@@H](C)[C@H]1CC(=N)CC[C@@H]1C(=N)N,-6.556,DecompDiff(D),1,True,0.3658597032653776,2.0,5.0,0.1422088295221328,0.8021666666666666,0.5010359963468543,4.0,0.7832663597248548,0.0851063829787234,6.777936
634,C=CCC(=N)[C@H](C)c1ccccc1,-6.508,DecompDiff(D),1,True,0.5328187523327405,2.0,5.0,0.0638595968484878,0.8866190476190475,0.774923874597723,3.0,0.0850518433629357,0.0975609756097561,6.2061567
635,CC(=N)Cc1cc(C)cc(C)c1,-6.503,DecompDiff(D),1,True,0.6448095212221399,2.0,5.0,0.0245055835694074,0.8842539682539681,0.8497351256555395,3.0,0.4337049690429451,0.1,6.8818846
636,CNc1c(C)c(F)cc(C(=N)N)c1C1CC1,-6.471,DecompDiff(D),1,True,0.5416049546014134,2.0,5.0,0.7344936728477478,0.8448968253968253,0.7877395466951183,3.0,0.4061666717835569,0.0909090909090909,7.063733
637,CC[C@H](C(=N)N)c1cccc(F)c1,-6.458,DecompDiff(D),1,True,0.5436663314580863,2.0,5.0,0.6606065630912781,0.8530555555555555,0.8107109197747682,3.0,0.5965037010025553,0.1203703703703703,6.763838
638,CC=COc1cc(N)c(C)cc1N,-6.457,DecompDiff(D),1,True,0.538005413265753,2.0,5.0,0.8833785653114319,0.8530952380952381,0.7886517982285677,3.0,0.0205252255622238,0.0727272727272727,6.7905817
639,CC[C@]1(N)CCC(C(C)C)C(C)C1,-6.452,DecompDiff(D),1,True,0.6988171526885122,2.0,5.0,0.0016728894552215,0.8602777777777776,0.6799731311722942,3.0,0.8999939410958387,0.0652173913043478,6.8940415
640,C=C[C@@H](CC(C)=N)C1C[C@H](C)CC1N,-6.41,DecompDiff(D),1,True,0.5242717510404494,2.0,5.0,0.1633887141942978,0.8487460317460317,0.5761099134659953,3.0,0.6153518461316996,0.0526315789473684,6.633511
641,CCCc1cc(N)c(N)c(F)c1,-6.375,DecompDiff(D),1,True,0.6628918073360028,2.0,5.0,0.3958802819252014,0.8894285714285715,0.8514264718093857,3.0,0.1864652210764601,0.116504854368932,7.1316195
642,CCC1C[C@H](C)C(C)[C@@H]1C,-6.273,DecompDiff(D),1,True,0.5238473604390245,2.0,5.0,0.0033894949592649,0.8329365079365079,0.6946197869935633,2.0,0.0178719543123027,0.0493827160493827,7.048761
643,CC(N)C1=C[C@@H](C)C=C1[C@H]1N[C@@H](C)CC1N,-6.267,DecompDiff(D),1,True,0.6493292666607234,2.0,5.0,0.81182461977005,0.7377005772005774,0.5473356657689012,3.0,0.7353134994575747,0.1149425287356321,6.498066
644,CCc1cccc(C)c1N,-6.213,DecompDiff(D),1,True,0.5864506499226728,2.0,5.0,0.0018403314752504,0.9049920634920636,0.9031449991443162,2.0,0.0179802255685354,0.099009900990099,6.6016526
645,CNC[C@@H](NC(=N)N)[C@@H](N)[C@H]1C=C[C@@H](C)C=C1C,-6.202,DecompDiff(D),1,True,0.2727593082277677,2.0,5.0,0.995280146598816,0.7323571428571427,0.5550868750774084,3.0,0.9773451949354643,0.1075268817204301,6.694523
646,CCC1CC(C)C[C@H](F)C1=N,-6.163,DecompDiff(D),1,True,0.6048710821522254,2.0,5.0,0.0031116832979023,0.8654365079365078,0.6127652690075887,2.0,0.0786237150315604,0.0674157303370786,6.8797946
647,CNC(=N)c1cc(C)cc(CN)c1,-6.163,DecompDiff(D),1,True,0.4659026263784993,2.0,5.0,0.8930209875106812,0.862642857142857,0.8013344355912049,3.0,0.3550891396180708,0.1111111111111111,6.753558
648,Cc1ccc(F)c(O)c1NCC(=N)N,-6.152,DecompDiff(D),1,True,0.3334808976739708,2.0,5.0,0.8216280341148376,0.9117460317460316,0.7988454234885844,3.0,0.8745932434083048,0.1071428571428571,7.705074
649,C[C@H](N)CC1=C[C@H](CN)[C@@H](N)C[C@H]1C,-6.12,DecompDiff(D),1,True,0.579483370196922,2.0,5.0,0.7401559948921204,0.7773571428571429,0.5789406826967645,3.0,0.8068018901339458,0.0804597701149425,6.4547095
650,CCc1ccc(N)cc1CCN,-6.111,DecompDiff(D),1,True,0.6621267749887186,2.0,5.0,0.2069530040025711,0.9321507936507936,0.8762380394084531,3.0,0.0942505301240413,0.0952380952380952,6.212135
651,C=Cc1ccccc1CC=N,-6.06,DecompDiff(D),1,True,0.631813752458788,2.0,5.0,0.0264464579522609,0.8624285714285713,0.7888997144946833,2.0,0.0306874599861936,0.072463768115942,7.24929
652,CC1CCC(C(=N)N)[C@@H](F)CC1,-6.058,DecompDiff(D),1,True,0.3549329080825403,2.0,5.0,0.1801732331514358,0.7902936507936509,0.6753734923743145,3.0,0.7675200184478423,0.0549450549450549,6.7234874
653,CCC(=N)CC1CC(F)CCC1=N,-6.046,DecompDiff(D),1,True,0.6334529526636787,2.0,5.0,0.0014227294595912,0.9175158730158728,0.5747346821178503,3.0,0.4751737965302285,0.0721649484536082,6.928835
654,CC[C@@H]1C=C[C@H](C)C(=N)[C@@H]1CNC,-6.039,DecompDiff(D),1,True,0.6408166194617212,2.0,5.0,0.0005666814977303,0.7533968253968253,0.5946843270352545,3.0,0.4485555992817159,0.0631578947368421,6.699795
655,CCCCC(=N)C1=C(C(=N)N)C=C1C,-6.036,DecompDiff(D),1,True,0.4527501365001101,2.0,5.0,0.6553240418434143,0.7806349206349207,0.710768916212077,3.0,0.9593121950442204,0.0909090909090909,6.6966944
656,C[C@@H]1[C@@H](N)[C@@H](N)[C@H](N)[C@H]1[C@@H]1CCCC1N,-6.033,DecompDiff(D),1,True,0.4639413197378356,2.0,5.0,0.9520614743232728,0.859579365079365,0.5654177323905478,2.0,0.5475473308325591,0.0555555555555555,6.997789
657,C#CC1CC(NC)[C@H](CC(=N)N)C1,-5.988,DecompDiff(D),1,True,0.3366137885318951,2.0,5.0,0.6390871405601501,0.8554523809523809,0.5627107006616282,3.0,0.9211492607214748,0.0520833333333333,6.7448997
658,CCC1CC(F)CC(N)C(N)[C@@H]1CCN,-5.977,DecompDiff(D),1,True,0.6108127430963115,2.0,5.0,0.7757790088653564,0.9032936507936508,0.5846898457149017,3.0,0.8131698813948315,0.0510204081632653,6.7053275
659,CC(=N)Nc1c(C(=N)N)cc(CN)c(N)c1N,-5.959,DecompDiff(D),1,True,0.2221689484440843,1.0,4.0,0.9921656847000122,0.8584047619047618,0.7151776059027201,3.0,0.7112477785589495,0.1071428571428571,6.6307235
660,Cc1cc(CN)c(N)c(CN)c1,-5.958,DecompDiff(D),1,True,0.5581122064252807,2.0,5.0,0.9727985262870787,0.8791507936507936,0.8261255102709241,3.0,0.323985248489576,0.0918367346938775,6.505459
661,CCc1c(N)cc(N)cc1[C@H](C)N,-5.937,DecompDiff(D),1,True,0.6008876852197865,2.0,5.0,0.6652712225914001,0.8792142857142856,0.7626858906862098,3.0,0.227089213196427,0.1012658227848101,6.399982
662,Cc1cccc(C(N)N)c1C(=N)CN,-5.908,DecompDiff(D),1,True,0.4071764691450368,2.0,5.0,0.9825237393379213,0.9003571428571427,0.7700038434470043,3.0,0.4777759354661252,0.110091743119266,6.817095
663,CCC(=N)[C@H](CC1C(C)CC[C@@H]1CNC)C(=N)N,-5.866,DecompDiff(D),1,True,0.4135789720953725,2.0,5.0,0.2988233864307403,0.7555396825396825,0.5809327084107417,3.0,0.9596742311527636,0.0625,6.586909
664,Cc1cc(F)cc(F)c1,-5.85,DecompDiff(D),1,True,0.5024152947188044,2.0,5.0,0.0037562435027211,0.8522301587301587,0.9103069308210922,1.0,0.0046455247401234,0.0649350649350649,7.5445175
665,CCCc1ccc(N)cc1N,-5.849,DecompDiff(D),1,True,0.6314928310918869,2.0,5.0,0.3927196562290191,0.8700476190476191,0.8878681677618463,2.0,0.225648911320875,0.0972222222222222,6.3748837
666,CC(=N)[C@@H]1C(=N)C(C)[C@@H](N)[C@H](N)[C@H]1N,-5.844,DecompDiff(D),1,True,0.3564442188665259,2.0,5.0,0.9741246104240416,0.8567222222222222,0.51891117112781,2.0,0.1774388552482957,0.0759493670886076,6.476234
667,CNC(=N)[C@@H]1C[C@@H](C)[C@H](NC)C1=CC(C)=N,-5.826,DecompDiff(D),1,True,0.4303137437107982,2.0,5.0,0.5635375380516052,0.7481190476190477,0.5446317824615122,3.0,0.7417369107815179,0.0721649484536082,6.404944
668,CCC1CC(C)CC1CCC=N,-5.803,DecompDiff(D),1,True,0.6197103180309507,2.0,5.0,0.00156470912043,0.8437698412698411,0.6482922132367853,3.0,0.1971256120595153,0.043010752688172,6.6149898
669,CNc1c(CN)cc(CN)c(NC)c1N,-5.764,DecompDiff(D),1,True,0.4580566528221938,2.0,5.0,0.9842860102653505,0.8510238095238093,0.7572538842354624,3.0,0.6831534171475869,0.08,7.155718
670,CC=C[C@@H](C(=N)F)[C@@H](CC(=N)C(C)C)C(=N)N,-5.74,DecompDiff(D),1,True,0.3069813669465008,2.0,5.0,0.8967288732528687,0.8143650793650792,0.5652312720330175,3.0,0.781161123040583,0.0588235294117647,6.575074
671,Cc1cccc(N)c1N,-5.734,DecompDiff(D),1,True,0.5071584204162337,2.0,5.0,0.3417686522006988,0.8881031746031747,0.8953979564621175,2.0,0.0128516791607057,0.074074074074074,6.3256903
672,CNc1cccc(CCC=N)c1,-5.72,DecompDiff(D),1,True,0.6546700158251083,2.0,5.0,0.0023411032743752,0.8994682539682537,0.8340303745243176,3.0,0.1593386097299096,0.1034482758620689,6.1607685
673,CNc1c(C)cc(OC)cc1N,-5.693,DecompDiff(D),1,True,0.6562814342793156,2.0,5.0,0.5914897918701172,0.8765079365079365,0.8654269525786165,3.0,0.0453188627481354,0.1057692307692307,7.3821034
674,Cc1cc(N)cc(N)c1N,-5.693,DecompDiff(D),1,True,0.4613661581647104,2.0,5.0,0.9087348580360411,0.8657222222222223,0.8444778941695188,2.0,0.02631230134822,0.07,6.800069
675,C[C@@H](NC=N)c1cc(N)cc(N)c1,-5.691,DecompDiff(D),1,True,0.3174008248407476,2.0,5.0,0.7963227033615112,0.830436507936508,0.706095095598944,3.0,0.048653133171824,0.1025641025641025,6.339989
676,C[C@H]1C(N)CCC(CN)C[C@H]1N,-5.678,DecompDiff(D),1,True,0.487248955456344,2.0,5.0,0.9751766324043274,0.8591666666666664,0.6629685865269211,3.0,0.6853267004071117,0.0555555555555555,6.681028
677,CC1C[C@H](C)[C@H](C)C1C,-5.669,DecompDiff(D),1,True,0.467885857004745,2.0,5.0,0.0033894949592649,0.8005555555555555,0.6995753415252497,2.0,0.0124997114576513,0.0547945205479452,7.0358796
678,CCc1cccc(N)c1,-5.641,DecompDiff(D),1,True,0.5634496399051838,2.0,5.0,0.0018655466847121,0.9059047619047618,0.9380439308210916,2.0,0.0037881835714932,0.09,6.209513
679,C=C(C)[C@H]1CC[C@](CN)(CCC(=N)N)N1,-5.636,DecompDiff(D),1,True,0.3062867103897819,2.0,5.0,0.8250721096992493,0.7961587301587302,0.5932333065862835,3.0,0.8872145248102596,0.0617283950617283,6.2825885
680,C[C@@H]1CCC([C@H]([C@H](N)C(=N)[C@@H](C)N)[C@@H](N)C(=N)N)N1,-5.628,DecompDiff(D),1,True,0.234799513101651,1.0,4.0,0.9913499355316162,0.7451746031746032,0.5194632743210027,2.0,0.8937776173232607,0.0909090909090909,6.7399335
681,NCCCCNc1cc(N)c(F)cc1N,-5.628,DecompDiff(D),1,True,0.4349700862023298,2.0,5.0,0.8907051682472229,0.8989920634920634,0.8527279649108844,3.0,0.8191408049861162,0.0701754385964912,8.21823
682,CC=CC1C(N)CC[C@@H]1C(C)=N,-5.618,DecompDiff(D),1,True,0.4778744712962787,2.0,5.0,0.2318663150072097,0.8539761904761904,0.5994119539127759,3.0,0.654933868025185,0.0476190476190476,6.5460763
683,CC[C@H]1CCC(N)CC1=N,-5.526,DecompDiff(D),1,True,0.5700158293966696,2.0,5.0,0.2032478004693985,0.8969603174603173,0.653581615227331,2.0,0.6624078109569262,0.0735294117647058,7.0208716
684,Cc1cccc(CN)c1,-5.517,DecompDiff(D),1,True,0.5976218563957917,2.0,5.0,0.0018655466847121,0.8954841269841269,0.947842700051861,1.0,0.0196547824521619,0.1237113402061855,7.227518
685,CNCC1CCCCC(N)C1,-5.482,DecompDiff(D),1,True,0.5878049831726371,2.0,5.0,0.2414432615041732,0.8073253968253966,0.7732433428008395,2.0,0.4494679675443467,0.0609756097560975,6.5389266
686,NCC[C@@H]1[C@@H](N)[C@H](N)C[C@@H](N)[C@H]1N,-5.47,DecompDiff(D),1,True,0.3306719806736737,2.0,4.0,0.9893252849578856,0.878579365079365,0.578881715751963,2.0,0.3800788775629794,0.0625,7.1555176
687,CC(=N)C1CC(C)C[C@@H]1N,-5.465,DecompDiff(D),1,True,0.5313170870045887,2.0,5.0,0.2032478004693985,0.820920634920635,0.6366112682847436,2.0,0.902053965046437,0.0595238095238095,6.682971
688,CC#CC(=O)CC[C@H](CN)[C@@H](C)N,-5.448,DecompDiff(D),1,True,0.4737818067732775,2.0,5.0,0.978996515274048,0.8569920634920635,0.6398057874830732,3.0,0.6676498168252398,0.0987654320987654,6.65583
689,C[C@H](C[C@@H](N)CN)[C@H]1C(=N)[C@H]1[C@H](CN)CNCN,-5.438,DecompDiff(D),1,True,0.2828538698250227,2.0,4.0,0.9866814613342284,0.7798650793650792,0.5259343115829018,2.0,0.8735603936599418,0.0879120879120879,6.838197
690,CC(=N)c1ccccc1N,-5.419,DecompDiff(D),1,True,0.445049068633606,2.0,5.0,0.5283775329589844,0.8638174603174603,0.8581301843295014,2.0,0.0162508228872483,0.081081081081081,6.2476573
691,CN[C@@H]1CC(C)CC[C@]1(C(C)=N)C(=N)N,-5.416,DecompDiff(D),1,True,0.418552434855979,2.0,5.0,0.3564806282520294,0.7601111111111111,0.5940752563783005,3.0,0.954328060762513,0.0689655172413793,6.689816
692,C=CC[C@@H](CC(=N)N)[C@H](C)CC,-5.413,DecompDiff(D),1,True,0.3572329229295594,2.0,5.0,0.3661697506904602,0.7969920634920635,0.6782500939120677,3.0,0.7337366472826428,0.074074074074074,6.8016624
693,CNC(=N)[C@H](N)NC(C)=CCNC(=N)C[C@@H](N)[C@H](C)C(=N)N,-5.381,DecompDiff(D),1,True,0.1463263794830744,1.0,4.0,0.9838744401931764,0.7670079365079363,0.5228683822495312,3.0,0.7757748700941736,0.0816326530612244,6.770087
694,CNc1cc(N)cc(CN)c1,-5.314,DecompDiff(D),1,True,0.5468955876660898,2.0,5.0,0.9270811080932616,0.8769999999999998,0.8503579113515899,2.0,0.0605066142542727,0.0961538461538461,6.399204
695,CC1CC(N)C[C@H]1C,-5.295,DecompDiff(D),1,True,0.5043221536480952,2.0,5.0,0.0027423501014709,0.8552301587301586,0.7135819084664458,1.0,0.685837322022113,0.0533333333333333,6.934546
696,NCCc1ccccc1,-5.291,DecompDiff(D),1,True,0.6245074471542003,2.0,5.0,0.0020227269269526,0.9077063492063492,0.967524830229376,1.0,0.0447944836673945,0.1,6.8818374
697,CCC(N)=CC[C@H](CC(=N)N)[C@@H](C)N,-5.282,DecompDiff(D),1,True,0.3767357190303285,2.0,5.0,0.6463853716850281,0.8042142857142858,0.6227275196670793,3.0,0.7973188163069673,0.0864197530864197,6.6705422
698,CC[C@@H]1NC(=N)C(=N)[C@@H](C)[C@@H]1C=N,-5.266,DecompDiff(D),1,True,0.4739503745742707,2.0,5.0,0.6701198220252991,0.8036666666666668,0.5129428144302125,3.0,0.357716888937392,0.054054054054054,6.5786505
699,C=CC1CCC(C(=N)CC(=N)N)N1,-5.248,DecompDiff(D),1,True,0.290551342631014,2.0,5.0,0.9452092051506042,0.8082698412698411,0.5664208359640042,3.0,0.6642949186509539,0.0625,6.535691
700,C[C@@H]1C(N)CC(CN)[C@H]1F,-5.233,DecompDiff(D),1,True,0.5574759365032053,2.0,5.0,0.4131258428096771,0.9137222222222222,0.6048091361059895,1.0,0.5487723400936866,0.0714285714285714,6.8846164
701,C=CCNCC(=CC(C)C)C(=N)N,-5.208,DecompDiff(D),1,True,0.250055136151586,2.0,5.0,0.873475968837738,0.7168253968253968,0.7169135823268223,3.0,0.1888322804146712,0.0843373493975903,6.9828324
702,NCc1cc(N)ccc1N,-5.193,DecompDiff(D),1,True,0.4872899469890794,2.0,5.0,0.9724895358085632,0.8950396825396824,0.865199699999017,2.0,0.1642278750628729,0.0952380952380952,6.889082
703,CCc1nc(C)oc1CC,-5.18,DecompDiff(D),1,True,0.6267887708622804,2.0,5.0,0.0058888881467282,0.8184999999999999,0.8076304692297863,1.0,0.2341738931813987,0.0602409638554216,7.0476446
704,NC=CCCN[C@H]1N[C@@H](N)[C@H](N)[C@@H]1N,-5.165,DecompDiff(D),1,True,0.2741575244526976,2.0,3.0,0.9971721768379213,0.8095772005772006,0.507029893770186,2.0,0.2970541169709469,0.0425531914893617,6.825211
705,CNC1C[C@H](N)CC(=N)[C@@H]1F,-5.146,DecompDiff(D),1,True,0.5060975259113679,2.0,5.0,0.9673909544944764,0.8418174603174602,0.5789923247105064,2.0,0.5013630523513175,0.0549450549450549,6.6785383
706,C[C@@H]1C[C@H](N)NC1C(=N)N,-5.139,DecompDiff(D),1,True,0.2854826578978433,2.0,5.0,0.97877699136734,0.7840079365079365,0.5542497298232052,1.0,0.5665483075863114,0.0705882352941176,6.4806943
707,CC1=CC(N)C[C@@H](N)[C@@H]1N,-5.127,DecompDiff(D),1,True,0.3909749356368001,2.0,5.0,0.9673909544944764,0.8186984126984127,0.5784538718350394,1.0,0.4451905530559708,0.0581395348837209,6.6318655
708,C[C@H]1C[C@H](N)[C@@H](N)[C@@H]1F,-5.127,DecompDiff(D),1,True,0.4878709660970507,2.0,5.0,0.428167849779129,0.837857142857143,0.5943472478797648,1.0,0.660234896963783,0.0625,6.856569
709,C[C@H]1CN[C@H](C[C@@H](CN)N[C@H](N)CNC(=N)N)C1,-5.122,DecompDiff(D),1,True,0.1608666444120937,2.0,4.0,0.984064519405365,0.7637142857142857,0.5797246170972932,2.0,0.8297041303886206,0.0707070707070707,7.0177484
710,Nc1cccc(F)c1,-5.109,DecompDiff(D),1,True,0.5030676848790228,2.0,5.0,0.0025113869924098,0.8926904761904761,0.9355773183876974,1.0,0.0015431167932229,0.0886075949367088,6.4513144
711,Cc1cc(CCN)c(F)o1,-5.068,DecompDiff(D),1,True,0.675806382228091,2.0,5.0,0.0032152018975466,0.9267676767676768,0.7716720646713817,1.0,0.5207061643590549,0.0895522388059701,6.858991
712,CNC1CC(=N)NC(=N)C1N,-5.064,DecompDiff(D),1,False,0.3304918256381213,2.0,5.0,0.9847715497016908,0.7950079365079366,0.54326194466616,1.0,0.4346049394690454,0.0674157303370786,7.2926207
713,CNc1cc(N)ccc1N,-5.032,DecompDiff(D),1,False,0.5035822802002323,2.0,5.0,0.9338205456733704,0.8561349206349206,0.8733917227910398,2.0,0.0251137138274866,0.0945945945945946,7.2926207
714,C[C@@H]1C(=N)CCC[C@H]1N,-5.032,DecompDiff(D),1,False,0.50234276754151,2.0,5.0,0.2497671991586685,0.8619603174603175,0.6513190454796055,1.0,0.5945883605270219,0.0705882352941176,7.2926207
715,CC=CC=C(CN)CCN,-5.031,DecompDiff(D),1,False,0.5673110191357035,2.0,5.0,0.2666343748569488,0.80165873015873,0.7038071074064245,2.0,0.0644865747880234,0.0769230769230769,7.2926207
716,CCCC(=CCN)CC(C)=N,-5.025,DecompDiff(D),1,False,0.4621428041690217,2.0,5.0,0.4164777398109436,0.8140634920634919,0.7309309971163997,2.0,0.3270928328579038,0.0769230769230769,7.2926207
717,CCC[C@@H]1CC(C)OC1=N,-4.98,DecompDiff(D),1,False,0.6278663961799383,2.0,5.0,0.0096387537196278,0.8569920634920636,0.6529320425777584,2.0,0.5335243573764885,0.0804597701149425,7.2926207
718,CC1C[C@H](CN)CC1C(=N)N,-4.975,DecompDiff(D),1,False,0.4019623142899186,2.0,5.0,0.6264260411262512,0.8202936507936508,0.6488697782914082,2.0,0.6015922691450613,0.0597014925373134,7.2926207
719,CN[C@@H]1C[C@H](CN)[C@@H](C)C1,-4.943,DecompDiff(D),1,False,0.5916076063443515,2.0,5.0,0.1346723735332489,0.8276031746031747,0.6897426073160826,2.0,0.8252621886431268,0.0581395348837209,7.2926207
720,CCCC[C@@H](CC)CC(N)N,-4.941,DecompDiff(D),1,False,0.579424980302315,2.0,5.0,0.3187235593795776,0.844547619047619,0.7631035707277767,2.0,0.6480554012813775,0.0666666666666666,7.2926207
721,N=C(N)[C@H]1[C@H](N)[C@@H](CN)N[C@@H]1N,-4.937,DecompDiff(D),1,False,0.1954726243887054,2.0,3.0,0.9883717894554138,0.8466984126984127,0.5281805592316358,2.0,0.5464230638040196,0.0909090909090909,7.2926207
722,C[C@@H]1C[C@@H](CN)CC[C@@H]1N,-4.881,DecompDiff(D),1,False,0.5662132154655539,2.0,5.0,0.0848028659820556,0.8571111111111109,0.7139579919314671,2.0,0.4025534392085945,0.0597014925373134,7.2926207
723,CNc1occc1[C@H](C(C)=N)C(=N)N,-4.867,DecompDiff(D),1,False,0.4300936970198319,2.0,5.0,0.8212740421295166,0.8001275946275948,0.643111079041319,3.0,0.3515544900362209,0.1071428571428571,7.2926207
724,CC(=N)NCC[C@@H](CN)C(C(=N)N)C(=N)N,-4.817,DecompDiff(D),1,False,0.2198561218557677,1.0,4.0,0.9969281554222108,0.8275634920634919,0.629576886770757,2.0,0.657049848344117,0.0841121495327102,7.2926207
725,CCCC[C@H](CN)C(C)C,-4.8,DecompDiff(D),1,False,0.6280921233981208,2.0,5.0,0.006081495899707,0.8412857142857141,0.8045448770851193,2.0,0.051755069444146,0.0918367346938775,7.2926207
726,CN[C@@H]1CC(C)CC1N,-4.716,DecompDiff(D),1,False,0.5338841571889169,2.0,5.0,0.5417746305465698,0.8204603174603174,0.6833701372834567,1.0,0.9229713694040173,0.0547945205479452,7.2926207
727,CC=CC[C@@H](N)CCC,-4.707,DecompDiff(D),1,False,0.5747795392962232,2.0,5.0,0.006081495899707,0.8900396825396824,0.743763854565095,2.0,0.5974667547325667,0.0666666666666666,7.2926207
728,CCC[C@H](CC)C(CN)CN,-4.701,DecompDiff(D),1,False,0.6127461341230016,2.0,5.0,0.237871453166008,0.7847063492063491,0.7418865946004557,2.0,0.1777202113374282,0.0824742268041237,7.2926207
729,C[C@@H]1N[C@H]2C[C@H](C(=N)N)N[C@@H]12,-4.677,DecompDiff(D),1,False,0.2893733698163315,2.0,5.0,0.9651497602462769,0.7412582972582973,0.5216107311973306,1.0,0.6667296023701302,0.0666666666666666,7.2926207
730,C[C@H](CN)[C@H](C(=N)N)[C@H](CO)NC(N)(N)N,-4.626,DecompDiff(D),1,False,0.1275355064621785,1.0,3.0,0.9933928847312928,0.8153571428571427,0.5762717092014389,2.0,0.6654962754184623,0.0975609756097561,7.2926207
731,C[C@@H](N)[C@H](NCC(=N)N)[C@@H](N)[C@H](N)CN,-4.619,DecompDiff(D),1,False,0.1754462519008588,1.0,3.0,0.9953917264938354,0.836595238095238,0.571385280329516,2.0,0.5585086753367088,0.0853658536585365,7.2926207
732,C[C@H](N)[C@H](CN)CC(N)=CC=N,-4.608,DecompDiff(D),1,False,0.4292408545039438,2.0,5.0,0.9881700277328492,0.8174206349206348,0.578841657187502,3.0,0.376400882852131,0.075,7.2926207
733,CC1N[C@H](C)C(C(=N)N)[C@@H]1N,-4.599,DecompDiff(D),1,False,0.2972704223635982,2.0,5.0,0.9697901010513306,0.809524531024531,0.5641034784500778,1.0,0.1513893636086686,0.0595238095238095,7.2926207
734,CCC[C@@H](NN)[C@@](N)(CN)NCC(C)=N,-4.594,DecompDiff(D),1,False,0.1323298704927111,2.0,4.0,0.9953917264938354,0.7541984126984127,0.5831995590517667,2.0,0.8962675655619676,0.079646017699115,7.2926207
735,N=C(N)CC(=N)[C@H](CF)CC(=N)N,-4.586,DecompDiff(D),1,False,0.301815024867646,2.0,5.0,0.996086359024048,0.8458333333333333,0.6033064309302794,3.0,0.5979554250818588,0.0597014925373134,7.2926207
736,CCN[C@@H](C(C)C)[C@H](N)CN,-4.558,DecompDiff(D),1,False,0.5249627270530548,2.0,5.0,0.98820298910141,0.808626984126984,0.6915994399295172,2.0,0.479350720193034,0.081081081081081,7.2926207
737,C[C@H](CO)[C@@H](CCO)[C@@H](C)N,-4.538,DecompDiff(D),1,False,0.5298269062526365,2.0,5.0,0.98820298910141,0.8720555555555555,0.6720555683634052,3.0,0.4217936120983724,0.0821917808219178,7.2926207
738,CC=CC=C(N)CF,-4.529,DecompDiff(D),1,False,0.5403270524603964,2.0,5.0,0.0070036360993981,0.8834047619047619,0.6631632990736781,1.0,0.0700025081326615,0.054054054054054,7.2926207
739,CC[C@@H]([C@H](N)CN)[C@@H](C)N,-4.528,DecompDiff(D),1,False,0.5055361655939266,2.0,5.0,0.98820298910141,0.8414444444444443,0.6562004990539744,2.0,0.6372098426635748,0.0714285714285714,7.2926207
740,C[C@H](N)[C@H](C)CCCN,-4.488,DecompDiff(D),1,False,0.5885339334632784,2.0,5.0,0.1695656478404998,0.8602142857142856,0.7473828414662277,2.0,0.3043135681868485,0.0704225352112676,7.2926207
741,CNC(=N)C[C@H](C=N)[C@H](N)CCN,-4.432,DecompDiff(D),1,False,0.2842746594393641,2.0,5.0,0.9929947257041932,0.7939126984126982,0.5655288644061502,2.0,0.8287954536996626,0.072072072072072,7.2926207
742,CCC(C#N)=CCN,-4.405,DecompDiff(D),1,False,0.5344664822129408,2.0,5.0,0.0054701901972293,0.7902936507936507,0.7010468155571945,1.0,0.0133653920208258,0.064516129032258,7.2926207
743,CNc1cc(C=N)oc1F,-4.392,DecompDiff(D),1,False,0.6138665449100277,2.0,5.0,0.0139730107039213,0.8694133089133089,0.6607187883181054,1.0,0.056271332083165,0.0632911392405063,7.2926207
744,CN[C@H]1[C@H](C)CN[C@@H]1N,-4.384,DecompDiff(D),1,False,0.4297985187521512,2.0,5.0,0.9119263291358948,0.7607438672438672,0.596331675744995,0.0,0.1945907731094748,0.0853658536585365,7.2926207
745,CC(=N)C[C@H](C)CCN,-4.367,DecompDiff(D),1,False,0.552319848387683,2.0,5.0,0.3887591660022735,0.8752142857142856,0.7159386873410146,2.0,0.256842398742221,0.0821917808219178,7.2926207
746,NCc1coc(N)c1NN,-4.345,DecompDiff(D),1,False,0.3322561500750165,2.0,5.0,0.9895479679107666,0.8424529914529915,0.7226407256400428,1.0,0.4601365656267611,0.0746268656716417,7.2926207
747,CC(C)C(=N)CC=N,-4.33,DecompDiff(D),1,False,0.5219728692728657,2.0,5.0,0.0023870128206908,0.8265555555555555,0.6482355701359492,1.0,0.1466311912992565,0.0571428571428571,7.2926207
748,CCC[C@H](CC)CN,-4.325,DecompDiff(D),1,False,0.5934062427577447,2.0,5.0,0.0066911773756146,0.8753412698412697,0.8023711385685967,1.0,0.0440294980693047,0.0736842105263157,7.2926207
749,CCCC(CCN)=NC=N,-4.313,DecompDiff(D),1,False,0.4380582801785569,2.0,5.0,0.7991040349006653,0.842706349206349,0.6878031188024358,2.0,0.416492315870003,0.0588235294117647,7.2926207
750,CC1N[C@@H](C)C[C@H]1C,-4.295,DecompDiff(D),1,False,0.5003378643844952,2.0,5.0,0.0097697731107473,0.8030735930735932,0.6555342894188266,1.0,0.5720461150505258,0.0789473684210526,7.2926207
751,CC[C@H](C)[C@@H](O)C(=N)CN,-4.237,DecompDiff(D),1,False,0.4988444986826175,2.0,5.0,0.98820298910141,0.8094523809523809,0.6653233816090975,2.0,0.6477824023838239,0.0666666666666666,7.2926207
752,N[C@@H]1[C@@H](N)[C@@H](N)NC[C@@H]1N,-4.223,DecompDiff(D),1,False,0.2468134311538308,2.0,4.0,0.986580491065979,0.805489898989899,0.534571266283504,0.0,0.0768840987509174,0.0481927710843373,7.2926207
753,CNC(=N)C(CC(=N)N)C(=N)N,-4.223,DecompDiff(D),1,False,0.2398401622474904,2.0,4.0,0.99467271566391,0.8381507936507936,0.6095220493995424,2.0,0.6881156972459781,0.0657894736842105,7.2926207
754,N=CC[C@H](CCCN)C(=N)C=N,-4.212,DecompDiff(D),1,False,0.4197561531301689,2.0,5.0,0.8255172967910767,0.8964841269841268,0.5841805109380037,3.0,0.4414232714789372,0.0714285714285714,7.2926207
755,C[C@@H](CC(=N)N)C(=N)N,-4.211,DecompDiff(D),1,False,0.3145525337674065,2.0,5.0,0.9627952575683594,0.8367857142857141,0.6876000433762837,1.0,0.4324450818678452,0.072463768115942,7.2926207
756,CC(=N)[C@H](N[C@@H](C)N)C(N)N,-4.206,DecompDiff(D),1,False,0.2543971938922753,2.0,5.0,0.9944188594818116,0.8118650793650793,0.6033493992294765,1.0,0.3074486237945636,0.1,7.2926207
757,C[C@H](CN)CC(=N)CC=N,-4.154,DecompDiff(D),1,False,0.4913973122740839,2.0,5.0,0.6779579520225525,0.8350873015873015,0.6025715043040544,2.0,0.4294320802726014,0.0779220779220779,7.2926207
758,NC[C@@H](N)C1CCCN1,-4.149,DecompDiff(D),1,False,0.4490203747973899,2.0,5.0,0.9721878170967102,0.8309978354978352,0.6693114300949901,0.0,0.2647020582087771,0.0845070422535211,7.2926207
759,CN[C@@H](C)[C@@H](N)[C@@H](N)C#[N+]N,-4.137,DecompDiff(D),1,False,0.295459844776651,2.0,5.0,0.9913596510887146,0.7977777777777776,0.5139269969348338,1.0,0.1468654775720633,0.1081081081081081,7.2926207
760,CCC=C(N)OCCN,-4.117,DecompDiff(D),1,False,0.5332195354502307,2.0,5.0,0.975513219833374,0.8333015873015871,0.7297941103082715,1.0,0.2169770842092584,0.0769230769230769,7.2926207
761,CCC1(N)C[C@H](N)CO1,-4.112,DecompDiff(D),1,False,0.5164086736726209,2.0,5.0,0.9695396423339844,0.8218571428571428,0.58603443009499,1.0,0.7742978769307028,0.0465116279069767,7.2926207
762,CC(=N)[C@@H](N)[C@H](CF)C(=N)N,-4.074,DecompDiff(D),1,False,0.3400945619167101,2.0,5.0,0.986689567565918,0.8644523809523809,0.5978679177479952,3.0,0.715582253793135,0.0675675675675675,7.2926207
763,CC1(C)CC(=N)C1=N,-4.04,DecompDiff(D),1,False,0.4739586032386991,2.0,5.0,0.0025338819250464,0.779595238095238,0.6546894162897954,1.0,0.5883997873731461,0.0384615384615384,7.2926207
764,CC1NC[C@H](C)C1F,-4.038,DecompDiff(D),1,False,0.4978623571528195,2.0,5.0,0.0105858547613024,0.8463946608946609,0.6096573663419036,1.0,0.0378189204027002,0.12,7.2926207
765,CC(C)[C@H](C)N,-4.03,DecompDiff(D),1,False,0.5067851934466806,2.0,5.0,0.0014000114751979,0.8530476190476189,0.8483171060843309,1.0,0.0321777903362061,0.0847457627118644,7.2926207
766,C[C@H](N)[C@@H](CC=N)C(=N)N,-4.025,DecompDiff(D),1,False,0.3259455501587516,2.0,5.0,0.9814359545707704,0.8392936507936507,0.5780261508398667,2.0,0.6657834797735315,0.0821917808219178,7.2926207
767,CCCC[C@@H](N)CO,-3.97,DecompDiff(D),1,False,0.562812163319566,2.0,5.0,0.780271053314209,0.9283968253968252,0.8125704059678641,1.0,0.6834644447309648,0.0694444444444444,7.2926207
768,N=CCCC(CN)CCN,-3.966,DecompDiff(D),1,False,0.4688522358536923,2.0,5.0,0.990429699420929,0.864769841269841,0.676764885851282,2.0,0.0982391075509482,0.048076923076923,7.2926207
769,CNC[C@H](C)N[C@H](C)N,-3.955,DecompDiff(D),1,False,0.4503134723664583,2.0,5.0,0.9279606342315674,0.8277380952380949,0.6776116040080336,1.0,0.3068132533043803,0.0845070422535211,7.2926207
770,CCCN[C@H](CC)CN,-3.951,DecompDiff(D),1,False,0.5753260605022763,2.0,5.0,0.2976052761077881,0.8220238095238094,0.8022459058471461,2.0,0.603813791209219,0.0808080808080808,7.2926207
771,CC[C@H](CN)CCN,-3.926,DecompDiff(D),1,False,0.55548473377373,2.0,5.0,0.6788951754570007,0.8691746031746032,0.7734319444294024,1.0,0.1278587408670589,0.0625,7.2926207
772,CC[C@@H](C=N)C(=N)N,-3.917,DecompDiff(D),1,False,0.3635901766476293,2.0,5.0,0.5890166759490967,0.8240079365079365,0.606218647726106,1.0,0.2882561366302025,0.056338028169014,7.2926207
773,CC[C@@H](CN)CCN,-3.851,DecompDiff(D),1,False,0.55548473377373,2.0,5.0,0.6788951754570007,0.8691746031746032,0.7734319444294024,1.0,0.1278587408670589,0.0625,7.2926207
774,C=C(C)CCN,-3.795,DecompDiff(D),1,False,0.4954407902904492,2.0,5.0,0.0074150878936052,0.8260396825396825,0.792559511728888,1.0,0.0413911432203712,0.0727272727272727,7.2926207
775,N=C(N)C[C@H](CN)C(=N)N,-3.793,DecompDiff(D),1,False,0.2510308992887156,2.0,5.0,0.9869233965873718,0.8450714285714284,0.6683337291561252,1.0,0.4524411320825215,0.0666666666666666,7.2926207
776,CCC[C@@H](N)CNC,-3.775,DecompDiff(D),1,False,0.5553427708265434,2.0,5.0,0.780271053314209,0.8259761904761903,0.7784414682389263,1.0,0.6996973835860163,0.0707070707070707,7.2926207
777,CCN[C@@H](CN)[C@H](N)CN,-3.767,DecompDiff(D),1,False,0.3685625562935234,2.0,5.0,0.9879266619682312,0.8230317460317457,0.685294742555843,1.0,0.4474524964290909,0.0808080808080808,7.2926207
778,CC[C@@H](N)[C@H](CNC)NC,-3.743,DecompDiff(D),1,False,0.490079954087112,2.0,5.0,0.9483766555786132,0.7418571428571427,0.6993024348635354,1.0,0.7557028348621753,0.0675675675675675,7.2926207
779,CC(C)CCN,-3.728,DecompDiff(D),1,False,0.5337290563406336,2.0,5.0,0.0038088883738964,0.8572301587301585,0.8718579732673495,1.0,0.056077354897644,0.0625,7.2926207
780,CC[C@H](CN)CNC,-3.719,DecompDiff(D),1,False,0.5500347124112555,2.0,5.0,0.780271053314209,0.7467301587301586,0.7703227869202451,1.0,0.1919491661797032,0.0721649484536082,7.2926207
781,CC[C@H](CN)NC,-3.695,DecompDiff(D),1,False,0.5237700020172442,2.0,5.0,0.7404302954673767,0.8738095238095237,0.7689252431900455,1.0,0.5871754756742733,0.0744680851063829,7.2926207
782,CC[C@@H](N)[C@H](N)CN,-3.667,DecompDiff(D),1,False,0.4438714561961791,2.0,5.0,0.9729659557342528,0.8465873015873016,0.6972046078713858,0.0,0.5057318178370154,0.0714285714285714,7.2926207
783,C[C@H](N)C[C@@H](N)CN,-3.638,DecompDiff(D),1,False,0.4438714561961792,2.0,5.0,0.975651741027832,0.8254365079365077,0.6947330694098474,0.0,0.4986814672872709,0.0746268656716417,7.2926207
784,CCCC(=N)N,-3.553,DecompDiff(D),1,False,0.3773378201416096,2.0,5.0,0.1222749575972557,0.8503571428571428,0.8212631014724779,1.0,0.3873373801668137,0.0606060606060606,7.2926207
785,CC(=N)[C@@](N)(CN)C(=N)N,-3.534,DecompDiff(D),1,False,0.2466223926771373,2.0,5.0,0.9637410044670104,0.8419285714285714,0.6230306265920229,1.0,0.3952547444009482,0.1034482758620689,7.2926207
786,CC(=N)NC(C)(N)N,-3.516,DecompDiff(D),1,False,0.2045856906002461,2.0,5.0,0.9426623582839966,0.8038650793650792,0.6650587685165159,0.0,0.668693126468191,0.0588235294117647,7.2926207
787,CC[C@@H](N)CN,-3.456,DecompDiff(D),1,False,0.4858729568712993,2.0,5.0,0.5509445071220398,0.8845396825396824,0.7514502816267371,1.0,0.1822589602782651,0.0652173913043478,7.2926207
788,NCC(N)=CC=O,-3.44,DecompDiff(D),1,False,0.3447101685779011,2.0,5.0,0.9741793870925904,0.8605396825396825,0.6739213108990341,0.0,0.0585533579073543,0.0689655172413793,7.2926207
789,C[C@@](N)(CN)CC(=N)N,-3.384,DecompDiff(D),1,False,0.2905232876190327,2.0,5.0,0.9707930088043212,0.7877063492063491,0.6581559874322278,0.0,0.7451931748490633,0.1016949152542373,7.2926207
790,N=CN[C@H](CO)C(=N)N,-3.37,DecompDiff(D),1,False,0.235495081414557,2.0,5.0,0.9870882034301758,0.878690476190476,0.6103814967055631,0.0,0.3437764781845386,0.0634920634920634,7.2926207
791,CCC(C)=N,-3.368,DecompDiff(D),1,False,0.4521166661434767,2.0,5.0,0.00556869385764,0.8904761904761904,0.7978961471117049,1.0,0.0973578875201199,0.0439560439560439,7.2926207
792,CNC(=N)CCN,-3.309,DecompDiff(D),1,False,0.3251243171532046,2.0,5.0,0.9577835202217102,0.8469285714285713,0.701306780984504,0.0,0.672769991331474,0.0677966101694915,7.2926207
793,N=C(N)CC(=N)N,-3.29,DecompDiff(D),1,False,0.2708707951102875,2.0,5.0,0.9632528424263,0.8432936507936506,0.7114394104465454,0.0,0.3768737146446133,0.0576923076923076,7.2926207
794,N=C(N)CC(=N)N,-3.29,DecompDiff(D),1,False,0.2708707951102875,2.0,5.0,0.9632528424263,0.8432936507936506,0.7114394104465454,0.0,0.3768737146446133,0.0576923076923076,7.2926207
795,N=C(N)CC(=N)N,-3.29,DecompDiff(D),1,False,0.2708707951102875,2.0,5.0,0.9632528424263,0.8432936507936506,0.7114394104465454,0.0,0.3768737146446133,0.0576923076923076,7.2926207
796,NC[C@H](N)[C@@H](N)CN,-3.276,DecompDiff(D),1,False,0.3302058588879255,2.0,4.0,0.972342610359192,0.8469206349206346,0.656239223256001,0.0,0.2453823430440503,0.0576923076923076,7.2926207
797,C[C@@H](N)CCN,-3.271,DecompDiff(D),1,False,0.4858729568712993,2.0,5.0,0.5773440599441528,0.8588650793650793,0.7703856662421217,1.0,0.3161257804547895,0.078125,7.2926207
798,COCC(CN)CN,-3.249,DecompDiff(D),1,False,0.5060406286842393,2.0,5.0,0.9826008677482604,0.7761904761904761,0.7937852770956562,0.0,0.1163930270034466,0.0744680851063829,7.2926207
799,CNC[C@@H](C)N,-3.119,DecompDiff(D),1,False,0.4796779031100489,2.0,5.0,0.6964452862739563,0.8529761904761902,0.7698205380369935,0.0,0.3994705343162843,0.09375,7.2926207
800,C[C@@H](N)CNN,-3.094,DecompDiff(D),1,False,0.2938475496392687,2.0,5.0,0.975651741027832,0.8365158730158728,0.7058492559857115,0.0,0.2135386535186721,0.09375,7.2926207
801,N=C(N)CCN,-3.034,DecompDiff(D),1,False,0.3065931490499449,2.0,5.0,0.9506546258926392,0.8560714285714285,0.7730877168570933,0.0,0.3321478149347554,0.074074074074074,7.2926207
802,CNC(=N)NCN,-2.886,DecompDiff(D),1,False,0.187695192536572,2.0,5.0,0.9490346312522888,0.8454523809523807,0.6755512254289484,0.0,0.5561813147583371,0.0729166666666666,7.2926207
803,CNC[C@H](N)CN,-2.832,DecompDiff(D),1,False,0.4067661744729723,2.0,5.0,0.9782218933105468,0.774238095238095,0.7310739611387633,0.0,0.5381822817432026,0.0736842105263157,7.2926207
804,COCCCN,-2.817,DecompDiff(D),1,False,0.4931203923013464,2.0,5.0,0.1674934178590774,0.8308888888888889,0.8957666912160676,1.0,0.2141756187593095,0.0714285714285714,7.2926207
805,CN[C@H](C)N,-2.803,DecompDiff(D),1,False,0.4118071488498726,2.0,5.0,0.660814106464386,0.8175873015873014,0.7575055184081552,0.0,0.047842939242448,0.1,7.2926207
806,N=C(N)CF,-2.768,DecompDiff(D),1,False,0.3320690919192199,2.0,5.0,0.6682723760604858,0.8834523809523809,0.7399129303284879,1.0,0.1162330433681282,0.0566037735849056,7.2926207
807,CNCC(N)N,-2.655,DecompDiff(D),1,False,0.3587748167743887,2.0,5.0,0.975651741027832,0.8388809523809522,0.7433154091647854,0.0,0.1424504352367257,0.078125,7.2926207
808,NCCCN,-2.636,DecompDiff(D),1,False,0.4545118096621342,2.0,5.0,0.5773440599441528,0.8554444444444442,0.8529850120928776,0.0,0.0794433510884112,0.0612244897959183,7.2926207
809,O=CCCO,-2.546,DecompDiff(D),1,False,0.4510247833148347,2.0,5.0,0.1645502597093582,0.9182619047619046,0.7740536511461319,0.0,0.0047586091728338,0.0505050505050505,7.2926207
810,N=C(N)CN,-2.513,DecompDiff(D),1,False,0.2714662686301713,2.0,5.0,0.9522006511688232,0.8880238095238094,0.7696947485103062,0.0,0.0876750286753111,0.0784313725490196,7.2926207
811,NC(N)(N)N,-2.221,DecompDiff(D),1,False,0.2379775068040802,2.0,4.0,0.9426623582839966,0.8486984126984127,0.7789201965134972,0.0,0.0969281592229421,0.0425531914893617,7.2926207
812,CCC[C@@H]1C[C@](N)(CN)[C@@H]2[C@]13C[C@@H](N)[C@@H]1C34[C@@H](N)[C@](C)(N)C[C@@]214,0.0,DecompDiff(D),1,False,0.4941441863782341,2.0,5.0,0.4355895519256592,0.7556984126984128,0.3647923609152699,4.0,0.9862079045857352,0.0534351145038167,7.2926207
813,,,DecompDiff(D),0,False,0.0,0.0,0.0,0.0,0.0,0.0,0.0,0.0,,
814,,,DecompDiff(D),0,False,0.0,0.0,0.0,0.0,0.0,0.0,0.0,0.0,,
815,,,DecompDiff(D),0,False,0.0,0.0,0.0,0.0,0.0,0.0,0.0,0.0,,
816,,,DecompDiff(D),0,False,0.0,0.0,0.0,0.0,0.0,0.0,0.0,0.0,,
817,,,DecompDiff(D),0,False,0.0,0.0,0.0,0.0,0.0,0.0,0.0,0.0,,
818,,,DecompDiff(D),0,False,0.0,0.0,0.0,0.0,0.0,0.0,0.0,0.0,,
819,,,DecompDiff(D),0,False,0.0,0.0,0.0,0.0,0.0,0.0,0.0,0.0,,
820,,,DecompDiff(D),0,False,0.0,0.0,0.0,0.0,0.0,0.0,0.0,0.0,,
821,,,DecompDiff(D),0,False,0.0,0.0,0.0,0.0,0.0,0.0,0.0,0.0,,
822,CC[C@@H](C1=CC1)C(=N)CC(=N)N,,DecompDiff(D),1,False,0.3234907025255285,2.0,5.0,0.827568769454956,0.7734603174603174,0.6315648781836614,3.0,0.8420537584293999,0.1012658227848101,7.2926207
823,,,DecompDiff(D),0,False,0.0,0.0,0.0,0.0,0.0,0.0,0.0,0.0,,
824,,,DecompDiff(D),0,False,0.0,0.0,0.0,0.0,0.0,0.0,0.0,0.0,,
825,,,DecompDiff(D),0,False,0.0,0.0,0.0,0.0,0.0,0.0,0.0,0.0,,
826,,,DecompDiff(D),0,False,0.0,0.0,0.0,0.0,0.0,0.0,0.0,0.0,,
827,,,DecompDiff(D),0,False,0.0,0.0,0.0,0.0,0.0,0.0,0.0,0.0,,
828,,,DecompDiff(D),0,False,0.0,0.0,0.0,0.0,0.0,0.0,0.0,0.0,,
829,,,DecompDiff(D),0,False,0.0,0.0,0.0,0.0,0.0,0.0,0.0,0.0,,
830,,,DecompDiff(D),0,False,0.0,0.0,0.0,0.0,0.0,0.0,0.0,0.0,,
831,,,DecompDiff(D),0,False,0.0,0.0,0.0,0.0,0.0,0.0,0.0,0.0,,
832,,,DecompDiff(D),0,False,0.0,0.0,0.0,0.0,0.0,0.0,0.0,0.0,,
833,,,DecompDiff(D),0,False,0.0,0.0,0.0,0.0,0.0,0.0,0.0,0.0,,
834,,,DecompDiff(D),0,False,0.0,0.0,0.0,0.0,0.0,0.0,0.0,0.0,,
835,,,DecompDiff(D),0,False,0.0,0.0,0.0,0.0,0.0,0.0,0.0,0.0,,
836,,,DecompDiff(D),0,False,0.0,0.0,0.0,0.0,0.0,0.0,0.0,0.0,,
837,,,DecompDiff(D),0,False,0.0,0.0,0.0,0.0,0.0,0.0,0.0,0.0,,
838,,,DecompDiff(D),0,False,0.0,0.0,0.0,0.0,0.0,0.0,0.0,0.0,,
839,,,DecompDiff(D),0,False,0.0,0.0,0.0,0.0,0.0,0.0,0.0,0.0,,
840,,,DecompDiff(D),0,False,0.0,0.0,0.0,0.0,0.0,0.0,0.0,0.0,,
841,,,DecompDiff(D),0,False,0.0,0.0,0.0,0.0,0.0,0.0,0.0,0.0,,
842,,,DecompDiff(D),0,False,0.0,0.0,0.0,0.0,0.0,0.0,0.0,0.0,,
843,,,DecompDiff(D),0,False,0.0,0.0,0.0,0.0,0.0,0.0,0.0,0.0,,
844,,,DecompDiff(D),0,False,0.0,0.0,0.0,0.0,0.0,0.0,0.0,0.0,,
845,,,DecompDiff(D),0,False,0.0,0.0,0.0,0.0,0.0,0.0,0.0,0.0,,
846,,,DecompDiff(D),0,False,0.0,0.0,0.0,0.0,0.0,0.0,0.0,0.0,,
847,,,DecompDiff(D),0,False,0.0,0.0,0.0,0.0,0.0,0.0,0.0,0.0,,
848,,,DecompDiff(D),0,False,0.0,0.0,0.0,0.0,0.0,0.0,0.0,0.0,,
849,,,DecompDiff(D),0,False,0.0,0.0,0.0,0.0,0.0,0.0,0.0,0.0,,
850,,,DecompDiff(D),0,False,0.0,0.0,0.0,0.0,0.0,0.0,0.0,0.0,,
851,,,DecompDiff(D),0,False,0.0,0.0,0.0,0.0,0.0,0.0,0.0,0.0,,
852,,,DecompDiff(D),0,False,0.0,0.0,0.0,0.0,0.0,0.0,0.0,0.0,,
853,,,DecompDiff(D),0,False,0.0,0.0,0.0,0.0,0.0,0.0,0.0,0.0,,
854,,,DecompDiff(D),0,False,0.0,0.0,0.0,0.0,0.0,0.0,0.0,0.0,,
855,,,DecompDiff(D),0,False,0.0,0.0,0.0,0.0,0.0,0.0,0.0,0.0,,
856,,,DecompDiff(D),0,False,0.0,0.0,0.0,0.0,0.0,0.0,0.0,0.0,,
857,,,DecompDiff(D),0,False,0.0,0.0,0.0,0.0,0.0,0.0,0.0,0.0,,
858,,,DecompDiff(D),0,False,0.0,0.0,0.0,0.0,0.0,0.0,0.0,0.0,,
859,,,DecompDiff(D),0,False,0.0,0.0,0.0,0.0,0.0,0.0,0.0,0.0,,
860,,,DecompDiff(D),0,False,0.0,0.0,0.0,0.0,0.0,0.0,0.0,0.0,,
861,,,DecompDiff(D),0,False,0.0,0.0,0.0,0.0,0.0,0.0,0.0,0.0,,
862,,,DecompDiff(D),0,False,0.0,0.0,0.0,0.0,0.0,0.0,0.0,0.0,,
863,,,DecompDiff(D),0,False,0.0,0.0,0.0,0.0,0.0,0.0,0.0,0.0,,
864,,,DecompDiff(D),0,False,0.0,0.0,0.0,0.0,0.0,0.0,0.0,0.0,,
865,,,DecompDiff(D),0,False,0.0,0.0,0.0,0.0,0.0,0.0,0.0,0.0,,
866,,,DecompDiff(D),0,False,0.0,0.0,0.0,0.0,0.0,0.0,0.0,0.0,,
867,,,DecompDiff(D),0,False,0.0,0.0,0.0,0.0,0.0,0.0,0.0,0.0,,
