SMILES,DS,CP,1-EI,MB,R
CN1NC(=O)[N+](=O)CCC[O+](C)c2ccccc2OC(=O)CC1=O,-9.315,0.9942651391029358,0.9766689210364565,0.7862207792207792,-7.111757795529483
CCC1C(C)NC1C(=O)NCC(=O)NCCc1ccc(C)cc1,-7.856,0.9734208583831787,0.9749600672251034,0.9029920634920634,-6.732446084671853
CC1CCC(=O)NC(=O)NNCC(=O)CC(=O)Oc2ccccc21,-9.167,0.9917804598808289,0.9449577504323217,0.752047619047619,-6.461011453741152
C[N+]1=CCC2NN3C(=O)NNCC(Cl)CC(O)=CC4=CC3=COC421,-8.681,0.9936459064483643,0.9875230826207554,0.7567055167055166,-6.445781205748841
CNNC(=O)NCC(=O)CCc1cccc(=O)cc1Cl,-7.393,0.9905648231506348,0.9737150491247134,0.9025396825396824,-6.43578897769352
C[O+]1CNC(Br)NC(=O)NNCC(=O)CC(=O)Oc2ccccc21,-9.058,0.9962014555931091,0.9500736928336283,0.7501990231990231,-6.431514831167407
CNNC(=O)N(C)C(=O)CCc1cccc(=O)cc1N,-7.302,0.9864295721054077,0.9828352548927234,0.9026190476190474,-6.389886330894192
CC(=O)NNC(C)C(=O)NC(=O)NC(=O)Cc1ccccc1,-7.725,0.9789330959320068,0.9668678468151705,0.8726984126984126,-6.380912710630485
CCc1c(CC(=O)NCCC(=O)CN)cc(C)cc1C(F)F,-7.485,0.9572418332099915,0.983774755165347,0.8868253968253968,-6.250967922092531
CNNC(=O)N(C)C(=O)CNc1cccc(=O)cc1Cl,-7.005,0.9982104301452637,0.9769186568212063,0.9150396825396824,-6.250698843571911
CONC(=O)NCC(=O)CCc1cccc(=O)cc1N,-7.3,0.9760865569114685,0.9815902703362532,0.8903968253968253,-6.22766208390881
CCC1C(=O)NC1C(=O)NNC(=O)NCCc1ccc(C)cc1,-8.087,0.9896163940429688,0.9281412053878987,0.8322222222222222,-6.181696607839464
CC1=CCC(O)(NCN(O)C(Cl)Oc2ccccc2)C(C)=C1,-7.726,0.9653780460357666,0.989366137405044,0.8326587301587303,-6.144353640296383
CC(=O)NNC(C)C(=O)CC(=O)NC(=O)Oc1ccccc1,-7.269,0.9864257574081421,0.9607446235600141,0.8916428571428571,-6.142398241543405
CNNC(=O)NCC(=O)CCc1cccc(=O)cc1Br,-7.168,0.9959283471107483,0.9626708678545615,0.8936507936507934,-6.141461948982355
CNNC(=O)N(C)C(=O)CNc1cccc(=O)cc1Br,-6.963,0.9972026348114014,0.9674142768259305,0.9128174603174601,-6.131634278467818
CC1CCC(=O)NC(=O)NNCC(=O)CC(=O)Cc2ccccc21,-9.295,0.9694013595581055,0.9252234739293553,0.7319444444444444,-6.102078356898857
C[O+]=CC(=O)NCN(N)c1cccc(C)c1C,-6.695,0.99857497215271,0.9650047356604514,0.9445158730158729,-6.093544172026307
CCNC(=O)NCC(=O)NNC(=O)NCCc1ccc(C)cc1,-7.789,0.9679016470909119,0.9252500169804063,0.8687777777777776,-6.060113221168235
CC1CNC[N+](=O)C(=O)NNCC(=O)CC(=O)Cc2ccccc21,-8.686,0.995404839515686,0.9708113283917174,0.7216190476190475,-6.057067264224399
CNNC(=O)N(C)C(=O)OCc1cccc(=O)cc1N,-7.05,0.9884948134422302,0.9823708173324386,0.8805555555555555,-6.028312063713741
CNNC(=O)N(C)C(=O)CCc1cccc(=O)cc1Cl,-7.401,0.9170792102813721,0.9848765172795076,0.899722222222222,-6.014333166115244
CCNC(=O)NCC(=O)CCC(=O)CNCc1ccccc1C,-7.179,0.9797347187995911,0.9686000404203032,0.8823015873015874,-6.010823768986716
CNNC(=O)NCC(=O)OCc1cccc(=O)cc1Cl,-7.133,0.9957740902900696,0.9787073823374376,0.8644920634920635,-6.009618741960004
CC(=O)NNCCC(=O)CC(=O)NC(=O)Nc1ccccc1,-7.278,0.9789330959320068,0.9620887326822037,0.8765952380952381,-6.008683080176337
CC(O)C(=O)NCCCC(=O)Nc1ccc(Cl)cc1,-6.929,0.9696539044380188,0.9878819323027832,0.9043253968253967,-6.002291486501686
CC(=O)NCC(=O)NC1NC=CC=C1c1ccccc1,-7.736,0.9814568758010864,0.9487756274194276,0.8300440115440116,-5.979327254467291
CC(=O)NNCCC(=O)CNC(C)C(=O)Nc1ccccc1,-6.901,0.9904919266700745,0.9729432670710786,0.8982619047619047,-5.973838343911829
CCC1C(CN(F)NC(=O)NSc2ccccc2C)=CN(Br)C1O,-8.145,0.9737246036529541,0.9643636678937343,0.779468253968254,-5.961650395993726
CCNC(=O)NCC(=O)NCC(=O)NCCc1ccc(C)cc1,-7.503,0.9392105937004089,0.9550269787014241,0.8831111111111111,-5.943317317738163
CC(=O)NNC(C)C(=O)NC(=O)CC(=O)Cc1ccccc1,-7.415,0.985623836517334,0.9154562180626504,0.888063492063492,-5.941607361855345
CCC1C(=O)CC1C(=O)NNC(=O)NCCc1ccc(C)cc1,-8.074,0.8392513990402222,0.9698676742699874,0.9026031746031746,-5.931849996778655
CC1CCCNNC(=O)NN(C)C(=O)CC(=O)Cc2ccccc21,-8.52,0.9784895181655884,0.9721791266749743,0.7315382395382393,-5.928967880290945
CCCC(=O)NOC1=CC=CC(=O)COc2cccc1c2,-7.618,0.9184248447418213,0.9705080375300708,0.8729999999999998,-5.927860461122034
CC1CCCC=NC(=O)NN(C)C(=O)CC(=O)Cc2ccccc21,-9.443,0.8332639932632446,0.9793725766249378,0.7679033189033188,-5.917620213142839
CC(C)NC(=O)NC(=O)NN(C)N(Cl)CC(=O)Oc1ccccc1,-7.498,0.9913353323936462,0.9215268592268828,0.8638492063492064,-5.9171415388026665
CCC(CC(=O)NCC(=O)NCCc1ccc(C)cc1)C(C)O,-7.107,0.9279808402061462,0.984626082805517,0.9108253968253968,-5.914687349257728
CNCC(=O)NCC(=O)CCc1cccc(=O)cc1N,-7.17,0.9918625354766846,0.9937816638184953,0.8364365079365079,-5.911457909320108
CC(=O)NNC(C)C(=O)NNCCC(=O)Cc1ccccc1,-7.173,0.9904919266700745,0.9543607226446167,0.8714047619047618,-5.90859546873532
CC(=O)NNC(C)C(=O)NC(C)NC(=O)Nc1ccccc1,-7.592,0.9796491265296936,0.9308789652672999,0.8506507936507935,-5.889403137423914
CCC1C(C)NC1C(=O)NNC(=O)CCCc1ccc(C)cc1,-7.621,0.9676800966262817,0.9354305558848313,0.8497698412698412,-5.862146071893236
COCC(N)CCC(O)N=C(C)C(=O)CCc1ccccc1,-6.671,0.9925916194915771,0.9896585142333495,0.8936111111111111,-5.855924519791705
CNNC(=O)NCC(=O)CCc1cccc(=O)cc1N,-7.067,0.9661694765090942,0.9576188189210612,0.8951587301587299,-5.853035092965569
CC(=O)NNC(C)C(=O)NOCCC(=O)Nc1ccccc1,-7.061,0.9810672998428345,0.9616365444911921,0.8783333333333333,-5.851070566436588
CC(C)C(=O)NCC(=O)NCC(=O)C(C)Nc1ccccc1,-7.382,0.9589811563491821,0.9729647829555648,0.8477857142857143,-5.839387952902709
CN=NC(=O)NCC(=O)CCc1cccc(=O)cc1N,-6.973,0.9626315236091614,0.9633180263085526,0.9000476190476189,-5.81989191735154
CC(=O)NNCCC(=O)NOC(C)C(=O)Oc1ccccc1,-7.03,0.9878102540969849,0.9522656824017565,0.8788015873015873,-5.811360556487126
CONC(=O)NCC(=O)CCc1cccc(=O)cc1,-7.147,0.9539970755577087,0.9679862571942596,0.879706349206349,-5.806009518609055
CNC1C=C(CCc2cccc(=O)cc2N)N(C)C1=O,-7.524,0.9988604784011841,0.9680920333441787,0.797468253968254,-5.802079382836123
CCC1C(C)NC1C(=O)NSC(=O)NCCc1ccc(C)cc1,-7.435,0.9138280749320984,0.9763210488637021,0.8736587301587301,-5.795353647290576
COCC(=O)NCC(=O)CCc1cccc(=O)cc1N,-6.837,0.9935879707336426,0.9878249107026683,0.863484126984127,-5.794370181119244
CC(C)NC(C)(C)C(=O)NOCCC(=O)Nc1ccccc1,-6.758,0.9902538657188416,0.9761804633137161,0.8863809523809522,-5.79048926012606
C[O+]=CC(=O)NCN(N)c1cccc(C)c1,-6.522,0.9978764057159424,0.9434807448824291,0.942015873015873,-5.784273378133809
CCNC(=O)NNC(=O)c1ccccc1CC,-7.237,0.9788954257965088,0.9076587042629847,0.8975238095238095,-5.771164146733087
CC(C)NCC(=O)NC1NC=CC=C1c1ccccc1,-7.632,0.9738919734954834,0.9651090526934206,0.8043333333333336,-5.769811231108111
CCC1=C(N)COC(CC(=O)NC(=O)NC2=CCCC=C2)=C1,-7.544,0.977683424949646,0.968360506404264,0.8070836940836942,-5.764419441132665
C[O+]1CNC(=O)NC(=O)NNCC(=O)CC(=O)Oc2ccccc21,-8.137,0.991776704788208,0.9576112728980462,0.7457545787545787,-5.76319610475207
CC(=O)NN(C)CC(=O)CC(=O)NC(=O)Nc1ccccc1,-7.229,0.9853693842887878,0.9479503243277133,0.8528015873015873,-5.758519857212969
CCN(NC(C)C)C(=O)NOCCC(=O)Nc1ccccc1,-6.767,0.9873526096343994,0.9859312506493342,0.8739999999999999,-5.757401544594956
COCC(=O)C1=Nc2cc(=O)cccc2CCC(=O)C1,-8.338,0.9567616581916809,0.8874983751404516,0.8128333333333329,-5.754859503598238
CNNC(=O)NCC(=O)OCc1cccc(=O)cc1Br,-6.901,0.9973338842391968,0.969681649634064,0.8622698412698412,-5.754730305678761
CNNC(=O)NCC(=O)NCc1cccc(=O)cc1,-7.148,0.9822481870651245,0.9514491837958821,0.8614523809523809,-5.754699537431455
CCNC(=O)NNC(=O)CCC(=O)CNNc1ccccc1,-6.816,0.975354790687561,0.9756147420995208,0.8872619047619048,-5.754696081648353
CNNC(=O)NCC(=O)OCc1cccc(=O)cc1N,-7.041,0.9712282419204712,0.9742107686458414,0.8637777777777778,-5.75453981941385
CNC1C=C(NCc2cccc(=O)cc2N)CNC1=O,-7.479,0.9981610178947449,0.965743747529844,0.7973376623376623,-5.7484177509313
CC(C)NC(C)(C)C(=O)NNCCC(=O)Cc1ccccc1,-7.108,0.9885086417198181,0.9703204637342724,0.8412380952380951,-5.73537754228029
CN=NC(=O)NC(C)CCC(C)c1ccccc1NC(=O)CNCl,-7.237,0.9346979856491089,0.9865077923837771,0.859142857142857,-5.733182719729023
COC1=CC=CN2CCc3ccccc3CC(=O)CC(C)CC1=N2,-9.436,0.9412387609481812,0.9020806704129889,0.7152539682539681,-5.730511502381269
CONC(=O)NCC(=O)CNc1cccc(=O)cc1Br,-6.834,0.9927365779876709,0.9705725599717844,0.8688095238095238,-5.720863429144408
CCCC(=O)NOC(=O)CNC(=O)C(=O)c1ccccc1,-7.252,0.9560471177101135,0.9435171793515201,0.8744920634920633,-5.720615736159334
CC(=O)NNCCC(=O)CC(=O)NC(=O)Oc1ccccc1,-6.775,0.9864257574081421,0.9489974098273326,0.900531746031746,-5.711336623101724
C[O+]=CC=CN(C)C(=O)CNc1cccc(=O)cc1N,-6.896,0.9852083921432495,0.9236688008468101,0.9098730158730158,-5.709819970487416
CCC1C=C(CC(=O)C(=O)CC(=O)ON)C(C)=CC1C(C)O,-7.073,0.9920002222061157,0.9791484737861079,0.828484126984127,-5.6917808608222575
Cc1ccc(NC(=O)CNC(C)C(=O)[O+](C)O)cc1,-6.764,0.9894376993179321,0.9583329859136926,0.8871666666666665,-5.690018852221717
CNNC(=O)NCC(=O)CNc1cccc(=O)cc1Cl,-6.869,0.9934070110321045,0.9558593155944562,0.8719047619047618,-5.687007011898241
O=C(NNOCCC=Cc1ccccc1)C(=O)N(O)Cl,-7.031,0.9902060627937317,0.947016676593487,0.8602460317460318,-5.671827105644729
CC(O)C(=O)C(C)NCC(=O)Nc1ccc(Cl)cc1,-6.326,0.9923582673072815,0.9898669909251665,0.9121746031746032,-5.66829570077129
CCNC(=O)NCC(=O)CSC(=O)CCNc1ccccc1C,-6.921,0.9923834204673767,0.9795945005986578,0.8424365079365081,-5.668026431559703
CCC(NCC(=O)Nc1ccc(C)cc1)C(=O)[O+](C)O,-6.618,0.9932515025138855,0.9794665788081512,0.8793809523809523,-5.661775824008786
CC(C)NC(C)(C)C(=O)NNCCC(=O)Nc1ccccc1,-6.798,0.9726153612136841,0.9540357656164911,0.8974523809523809,-5.661067782480557
CC(NCC(=O)Nc1ccc(Cl)cc1)C(=O)[O+](C)O,-6.663,0.9865543842315674,0.9701746360280079,0.8871666666666665,-5.657778960647671
COCC(=O)NCC(=O)OCc1cccc(=O)cc1N,-6.775,0.9810932278633118,0.9897339979071186,0.8598809523809524,-5.6568725619665035
CCCC(=O)COC(C)NNC(=O)NCc1ccccc1,-7.045,0.990958571434021,0.9743004397602897,0.8316349206349206,-5.656686518616068
CCCC(N)COC(=O)CNC(=O)C(C)c1ccccc1,-6.96,0.9885715842247009,0.9352586720142755,0.8771984126984127,-5.644778999345936
CONC(=O)NCC(=O)OCc1cccc(=O)cc1,-6.982,0.9847006797790527,0.9738415800205898,0.842468253968254,-5.640608279458208
CCCC(O)CNC(=O)CC(C)NC(=O)c1ccccc1,-6.917,0.9630106687545776,0.9883895784295847,0.8567063492063492,-5.640388484862039
CCC1C(=O)NC1C(=O)NNC(=O)CCCc1ccc(C)cc1,-7.583,0.9335698485374451,0.9227917827686631,0.8633809523809524,-5.640194160863764
CCNC(C)NCC(=O)NCC(=O)NCCc1ccc(C)cc1,-6.946,0.9836016297340393,0.9550912065333869,0.8638730158730158,-5.637009590243672
CCCC1CC1CC(=O)NCC(=O)NC(=O)C(C)O,-6.527,0.9977317452430725,0.9868185306260696,0.8768253968253968,-5.634791098455708
Cc1ccc(NC(=O)CNC(C)CC(=O)[O+](C)O)cc1,-6.956,0.9913713932037354,0.985899394543341,0.8284920634920634,-5.632703727597107
CC(=O)NN(C)CC(=O)CC(=O)NC(=O)Oc1ccccc1,-6.9,0.965994656085968,0.978601789230062,0.863468253968254,-5.632175708465227
CCCC(=O)NOC1=CC=NC(=O)COC2C=CC=C1C2,-7.851,0.892926812171936,0.975574893545495,0.8231904761904763,-5.629914425880174
CC(=O)NOC(=O)C1=NC=CC=C(c2ccccc2)C1,-8.515,0.9480212926864624,0.8488569686433185,0.8186587301587303,-5.60970676247563
CC(=O)NNCCC(=O)NOC(C)C(=O)Cc1ccccc1,-6.921,0.9938991069793701,0.9300832531065616,0.8762142857142856,-5.605873634730338
CC(=O)NNCCC(=O)NC(=O)NC(C)Nc1ccccc1,-6.843,0.9734600782394409,0.9577734636323958,0.8780476190476191,-5.602031615743603
CCC1CCCC1C(=O)NNC(=O)NCCc1ccc(C)cc1,-8.108,0.8062580823898315,0.9616835961085631,0.8909920634920633,-5.601364892117899
CC(=NC=CCC(=O)NCc1ccccc1)NC(=O)CNC(C)C,-7.597,0.9255848526954651,0.9650967381438419,0.8252380952380952,-5.600263748357062
CNNC(=O)NCC(=O)CCc1cccc(=O)cc1,-6.851,0.9965517520904541,0.9305667833063621,0.8809920634920633,-5.597232754007296
CC(=O)NNC(C)C(=O)CC(=O)NC(=O)Nc1ccccc1,-6.979,0.9789330959320068,0.9221944771162468,0.8866269841269842,-5.586112418673109
CC[O+]1C=C(CC=CC(=O)CC(O)=NN)C(=O)CC1C(F)F,-7.18,0.9957600235939026,0.9908078269080491,0.7885079365079366,-5.585661698748737
CCCC(N)COC(=O)CNC(=O)N(C)c1ccccc1,-6.551,0.9873526096343994,0.9835756200457146,0.8777380952380953,-5.584092207317582
CONC(=O)NCC(=O)OCc1cccc(=O)cc1N,-6.746,0.9894416332244873,0.9893857553849269,0.8445873015873017,-5.577591686867733
CC(=O)NNC(C)C(=O)NC(C)NC(=O)Cc1ccccc1,-7.289,0.968851625919342,0.9065732677037975,0.8708412698412696,-5.575285784379237
C[O+]1CCCNCC(=O)NNCC(=O)CC(=O)CC2=CC=COC21,-9.671,0.9961714148521423,0.9454372046434614,0.611952380952381,-5.573856405991732
CC(=O)NNCCC(=O)NOC(C)C(=O)Nc1ccccc1,-7.07,0.9810672998428345,0.8967178093045598,0.8957857142857142,-5.571577059304186
C[O+]=NC(=O)NCC(=O)CNc1cccc(=O)cc1N,-6.913,0.9833945035934448,0.9830937881698519,0.8333174603174603,-5.569289157283429
COCC(=O)NN=C(N)c1cccc(C)c1C,-6.528,0.9951334595680237,0.9933534078886704,0.8621190476190475,-5.563300272868969
CC(CC(=O)C(C)O)NCC(=O)Nc1ccc(Cl)cc1,-6.61,0.9962213039398193,0.9943439795330627,0.8489444444444443,-5.558699582693816
CCC1C(C)NC1C(=O)NNC(=O)NCCc1ccc(C)cc1,-7.983,0.9062797427177429,0.941800436937178,0.8148333333333333,-5.552084617522137
Cc1ccc(NC(=O)CNC(C)CC(=O)C(C)O)cc1,-6.686,0.9927406907081604,0.9899225271856572,0.8449444444444443,-5.551771174660626
CCC(CC(=O)NNC(=O)CCSc1ccc(C)cc1)C(=O)O,-7.082,0.9631064534187317,0.9274877513111154,0.8769920634920634,-5.547969455518848
CC1CNC2CN3C(=O)NNCC(=O)CC(=O)CC4=CC3=COC412,-7.664,0.9925870299339294,0.9708505159404895,0.7510265845265844,-5.546662845856205
CC(=O)NNCCC(=O)NSC(C)C(=O)Cc1ccccc1,-6.833,0.9926141500473022,0.9376790449378988,0.8706111111111112,-5.536946136910283
CONCC(=O)N[N+](C)=CC=NCC(=O)NCc1ccccc1,-6.856,0.9860742092132568,0.9696495878096425,0.844563492063492,-5.536400896723264
CC(CC(=O)[O+](C)O)NCC(=O)Nc1ccc(Cl)cc1,-6.843,0.9913499355316162,0.984788145636284,0.8284920634920634,-5.534835111122702
CNCC(=O)C1=Nc2cc(=O)cccc2COC(=O)C1,-7.952,0.9961225390434265,0.9119168658503223,0.7661636696636696,-5.534341331966596
CCNC(=O)NNC(=O)CCC(=O)CNSc1ccccc1,-6.803,0.9763959050178528,0.9801968099699122,0.8497539682539683,-5.532646295056324
CCc1cc2c(C)cc1C(C)(O)ON=C(O)CC(=O)C(=O)C2,-7.516,0.9513493776321411,0.9543302204866712,0.8105238095238093,-5.530842145250341
CCCC(C)OCC(=O)NNC(C)C(=O)Nc1ccccc1,-6.963,0.9917201995849609,0.9415906890021817,0.8505079365079363,-5.530012082467588
CCCC(=O)NCC(=O)NNC(=O)CCSc1ccc(C)cc1,-7.408,0.9918057918548584,0.9715657306217853,0.7746428571428572,-5.529696841084118
CCC1=C(C)NNC=C1CC(=O)NCCCc1cccc(Cl)c1,-8.032,0.9092163443565369,0.937441077818579,0.8070079365079367,-5.524751134175807
CCNC(C)NNC(=O)CCC(=O)CNOc1ccccc1,-6.477,0.9941856861114502,0.9802487432217077,0.8751825396825397,-5.524288384206986
CN1CCCNNC(=O)NNCC(=O)CC(=O)Cc2ccccc21,-8.704,0.9807369709014893,0.9695523959940553,0.66665873015873,-5.517550086980663
CCNC(=O)NNC(=O)CCC(=O)CCOc1ccccc1,-6.723,0.9522202610969543,0.9562144954751924,0.9013412698412698,-5.5175351543683115
CC1C=CSNNC(=O)n2[nH]c3c(occ2CCC1)C(C)CC3,-9.121,0.9671594500541687,0.9348644176633372,0.6690137085137084,-5.517269297917381
CNCC(=O)C1=C(C)c2cc(=O)cccc2NCC(=O)C1,-7.8,0.9834255576133728,0.9723455247424396,0.739025974025974,-5.512091466857386
CCCC(C)NNC(=O)CCC(=O)CNNc1ccccc1,-6.658,0.9763269424438477,0.9382371909920035,0.9037777777777778,-5.512052782387486
CC1CCCNNC(=O)NNCC(=O)CC(=O)Cc2ccccc21,-8.969,0.9590019583702087,0.9328403913325793,0.6868809523809521,-5.511278197358061
COCC(=O)NN=C(N)c1cccc(C)c1,-6.53,0.9978764057159424,0.9887186474686686,0.8552619047619047,-5.510129280216886
CC(=O)NNC(C)C(=O)NNCCC(=O)Oc1ccccc1,-6.668,0.9810672998428345,0.9235298713164745,0.9111349206349206,-5.504628706592336
CN=CC(=O)NCC(=O)CCc1cccc(=O)cc1Cl,-7.412,0.8242630362510681,0.9652797525965622,0.9333015873015872,-5.503974793214975
CONC(=O)N(C)C(=O)OCc1cccc(=O)cc1Cl,-7.268,0.9057533144950867,0.9932437845956352,0.8398968253968255,-5.491697999158473
CCCC(N)COC(=O)NC(C)NC(=O)c1ccccc1,-6.644,0.9703609943389893,0.9904734039503089,0.8593253968253969,-5.487359585194083
CCCC(=O)NOC(C)CNC(=O)NCc1ccccc1,-7.036,0.9591779708862305,0.9756239596691135,0.8333174603174603,-5.4867852896826905
CCCC(=O)NC(O)CC(C)NNC(=O)c1ccccc1,-7.068,0.9752757549285889,0.9322095194576863,0.8538253968253967,-5.486641333319361
CNCC(=O)NCC(=O)OCc1cccc(=O)cc1N,-6.721,0.9760865569114685,0.9931549253667746,0.841547619047619,-5.482995926938464
CC(=O)C=CNCNC(=O)C(O)c1ccc(C)cc1,-6.768,0.9799351096153259,0.9462421643006993,0.8736031746031746,-5.482443539770224
COOC(=O)CN(C)C(C)C(=O)N1c2ccc(Cl)cc21,-6.741,0.9532265663146973,0.9774241303418167,0.8727842712842712,-5.481639015290872
CCNC(=O)NNC(=O)c1ccccc1CCOC(C)C,-7.159,0.9591779708862305,0.903877396329943,0.8825634920634919,-5.477810987667546
CNNC(=O)C1=C(C)C2=CC(=O)C=[O+][SH]2(=O)CCC(=O)C1,-7.837,0.9628071188926697,0.9626068201445571,0.7534365079365081,-5.472486943555715
CCC1C=C(NCC(=O)C(=O)Nc2ccccc2)CNC1C,-7.226,0.9945158362388611,0.9921009957342334,0.7673297258297259,-5.470758812201782
CCC1CCN=CCC1(N)C(O)c1ccc(C)cc1,-7.516,0.8854466080665588,0.9812122549551701,0.8377460317460319,-5.470468140709194
CCNC(=O)NNC(=O)CCC(=O)CNNc1ccccc1C,-6.827,0.9148361086845398,0.9859148355263317,0.8877301587301588,-5.4663014347070025
CC[O+]1CC(OC=CC=CCC(O)=NN)C(=O)CC1C(F)F,-6.644,0.9939059615135193,0.9939450336987107,0.8322698412698415,-5.462625716328541
COCC(=O)CN(C)C(C)C(=O)N1c2ccc(Cl)cc21,-6.445,0.9847221970558167,0.9629451524015414,0.8937366522366521,-5.461950617855573
CCN(c1ccccc1)C(NC)NC(=O)CNC(C)=O,-6.668,0.9977076053619385,0.9544234592246248,0.8596904761904761,-5.458610358907812
CN1CCCN[IH]C(=O)NNCC(=O)CC(=O)Cc2ccccc21,-8.383,0.997645914554596,0.9808615823555182,0.6653968253968253,-5.458387250331669
CC1CNCN=CC(=O)NNCC(=O)CC(=O)Oc2ccccc21,-7.954,0.9928338527679443,0.956005700483922,0.7229688644688644,-5.458109444331999
CC(=O)NNC(C)C(=O)NN=CCC(C)Cc1ccccc1,-7.289,0.983461856842041,0.8932674480837993,0.8520714285714284,-5.456108294760442
C[O+](O)C(=O)CCNCC(=O)Nc1ccc(Cl)cc1,-6.494,0.9865543842315674,0.9878512977933973,0.8619285714285715,-5.455017736582962
CCCC(=O)NC(O)CC(=O)NCC1CC12NOCCC2=Cc1ccccc1,-8.078,0.9546603560447693,0.9971842042997849,0.7087159833630422,-5.450048345685886
CC(C)NN(C)CC(=O)NC(=O)NC(=O)Cc1ccccc1,-7.154,0.9946634769439697,0.9428941643156147,0.8110555555555554,-5.441750909194751
CCCC(=O)CNC(=O)NCC1=CCNCc2ccccc2C1,-8.352,0.9704359173774719,0.9651976052108655,0.6955440115440115,-5.441243974522184
CC=CC=CCC(O)C(=O)NCc1c(Cl)ccnc1O,-6.929,0.9944396018981934,0.984060182522649,0.8020793650793651,-5.438610732646195
CNNC(=O)NCC(=O)CNc1cccc(=O)cc1N,-6.968,0.9712282419204712,0.9270079942791041,0.8669047619047618,-5.438564863061931
CC(=O)NNC(C)C(=O)CC(=O)NC(=O)Cc1ccccc1,-7.576,0.985623836517334,0.813272878953802,0.8949444444444442,-5.434799541506761
CC(C)NN(C)CC(=O)CC(=O)NC(=O)Nc1ccccc1,-6.97,0.9870743751525879,0.9247722364879257,0.8538015873015873,-5.432183054541512
CC(=O)NNCNC(=O)CC(=O)CC(=O)Cc1ccccc1,-6.924,0.985623836517334,0.9302618702336654,0.855095238095238,-5.4286015392423606
CCNCC(=O)N[N+](C)=CC=NCC(=O)NCc1ccccc1,-7.153,0.9640533328056335,0.9387155725252303,0.8382539682539683,-5.426239093733588
CC1CCCC(=O)C(=O)NNCC(=O)CC(=O)Cc2ccccc21,-8.831,0.9166345000267029,0.8920808506597458,0.7513253968253967,-5.4254825398405
CC=CC(=O)NC(O)SC(C)NNC(=O)c1ccccc1,-7.429,0.9765903949737549,0.9281977928588934,0.805579365079365,-5.424899182002213
CC1CCC2(N)N3C(=O)NNCC(=O)CC(=O)CC4=CC3=COC412,-7.917,0.976898193359375,0.9634499136134285,0.7279523809523809,-5.42427955955046
CC1=CC=C2NI3C(=O)NNC(C)NCC(=O)CC4=CC3=COC142,-8.439,0.9578819274902344,0.9357862557265331,0.7168894993894994,-5.422903142929421
CN=NC(=O)NCC(=O)CNc1cccc(=O)cc1N,-6.661,0.9833945035934448,0.9496178094696913,0.8717936507936507,-5.422877111520538
CC=NCC(=O)NC(C)=NC=NCC(=O)NCc1ccccc1,-7.44,0.8933219909667969,0.9634357212771074,0.8464523809523808,-5.420086733296169
CONC(=O)NCC(=O)OCc1cccc(=O)cc1Cl,-7.204,0.9004772305488586,0.9856042577218322,0.8466825396825398,-5.41339371820968
CONC(=O)NCC(=O)CNc1cccc(=O)cc1,-6.736,0.9904038906097412,0.9387039148708688,0.8639603174603175,-5.4104930147809265
CCC(CC(=O)NCC(=O)NCCc1ccc(C)cc1)C(=O)O,-7.154,0.882799506187439,0.9586463120548739,0.893515873015873,-5.409681485942334
COCC(N)NN=C(O)C=CCC(=O)CCc1ccccc1,-7.078,0.9554986953735352,0.9703755376576096,0.8239126984126984,-5.407066276363585
CCC1=C(C)CCC(NC(=O)NC(C)NC2=COCC=C2)=C1,-8.461,0.9286667704582214,0.9679687077121177,0.7108412698412699,-5.406491851056887
CC(=O)N(C)NCC(=O)NCC(=O)C(C)Nc1ccccc1,-6.901,0.9849550724029541,0.9332299508137742,0.8522460317460316,-5.406075475688582
CCCC(=O)NNC(O)CCOCC(=O)NNCCCc1ccccc1,-6.621,0.9937699437141418,0.9819701578181357,0.8366031746031745,-5.40539260737248
CCc1cc(N)ccc1CC(=O)NCC(F)CC,-6.647,0.9500490427017212,0.9510840474324332,0.8998015873015873,-5.404273947765632
CNNC(=O)NNCCC=[N+](C)c1ccccc1CC(=O)CCCl,-6.978,0.9830842614173889,0.9907294177011148,0.795015873015873,-5.40321895543959
CCNC(=O)NNC(=O)CCCC(=O)CSc1ccccc1,-6.805,0.988297164440155,0.9688390352571412,0.8286746031746032,-5.399472534552782
COCC(C)NNC(O)C=C(C)C(=O)CCc1ccccc1,-6.9,0.9919784069061279,0.9596844180227304,0.821952380952381,-5.3991626478203
NC1N=C(CCNC(=O)NSc2ccccc2)N(C=O)C1O,-6.818,0.998638927936554,0.9891536869195054,0.8013650793650793,-5.397090192689679
CCC1C=C(CC(=O)NCCC(O)=NN)C(=O)CC1C(F)F,-7.435,0.9757148623466492,0.9415185801229231,0.7899206349206349,-5.395308060801205
CC[O+]1CC(CC=CC=CCC(O)=NN)C(=O)NC1C(F)F,-7.107,0.9507752060890198,0.970981870882732,0.8222142857142858,-5.394613102241169
COCC(=O)NC(C)NCC(=O)Nc1ccc(C)cc1,-6.779,0.9947161078453064,0.9851955204760765,0.8117857142857141,-5.392977613363516
CC(=O)NNC(C)C(=O)NNCCC(=O)Nc1ccccc1,-6.723,0.975354790687561,0.9034074403641981,0.9102857142857141,-5.392462366249286
CC(=O)NNC(C)C(=O)NOCCC(=O)Cc1ccccc1,-6.556,0.9938991069793701,0.9656309155684866,0.8564047619047618,-5.388544582744859
CC(=O)NNC(C)C(=O)NOCCC(=O)Oc1ccccc1,-6.349,0.9878102540969849,0.9816622644085683,0.8751349206349205,-5.387855850862647
CC(=O)NCC(=O)NC1NC=CCN1c1ccccc1,-7.43,0.993698239326477,0.9751531818980269,0.7472905101434515,-5.38028948569978
Cc1ccc(CCCC(=O)NNC(C)CO)cc1,-6.69,0.9713878035545349,0.9468464944875788,0.8742063492063491,-5.379133168979628
CC1NCC(=O)Cc2ccccc2N(C)CCCN(C)C(=O)NN1,-8.252,0.9871035218238831,0.961310117837219,0.6861825396825396,-5.373102147724158
CC[O+]1C=C(CC(=O)C2CC2C(O)=NN)C(=O)CC1C(F)F,-6.89,0.9962277412414551,0.9915646104382024,0.7892857142857145,-5.371964245335163
C[O+]=NCC(=O)N[N+](C)=CC=NCC(=O)NCc1ccccc1,-7.036,0.9599279761314392,0.9530624089462449,0.8336111111111113,-5.365983274339376
CCCNN(C)CC(=O)CC(=O)NC(=O)Nc1ccccc1,-6.602,0.9870743751525879,0.984450382520194,0.8362460317460318,-5.36479707832429
CC(=O)NNCCC(=O)NC(C)NC(=O)Oc1ccccc1,-6.8,0.9810672998428345,0.9452282046657385,0.850722222222222,-5.364535981631596
CC(=O)NCC(=O)NC1SC=CCN1c1ccccc1,-7.315,0.9342032670974731,0.9893068907274131,0.7934968593498006,-5.364533459858816
CCNC(=O)NNC(=O)CCCC(=O)CNc1ccccc1C,-7.318,0.8407565355300903,0.9828945227857014,0.8867301587301588,-5.362422783914431
CCNC(C)NNC(=O)CCC(=O)CNNc1ccccc1C,-6.633,0.9455862641334534,0.9808017305048828,0.8713492063492062,-5.360244693946688
Cc1ccc(CCCC(=O)NNC(=O)CO)cc1,-6.833,0.9970558881759644,0.8837907098709167,0.889642857142857,-5.3566842989948
CCN1CCCCC(=O)OC2C=CC1(O)NNC2O,-7.929,0.9977396726608276,0.9467266453063016,0.7151031746031744,-5.355856907738722
CCCC(C)NCC(=O)NNC(C)C(=O)Nc1ccccc1,-7.084,0.97456294298172,0.9255592791042139,0.8377222222222221,-5.3529442636770215
CN=CC(=O)NCC(=O)OCc1cccc(=O)cc1Cl,-7.036,0.9031763672828674,0.940025466895076,0.8953095238095237,-5.34824408895982
CCCC(=O)NC(O)CC(=O)NNCCc1ccccc1,-7.189,0.9937439560890198,0.8801477862212013,0.8500793650793649,-5.34512737646162
CC1CCCNN2C(=O)NNCC(=O)CC(=O)CC3=CC2=COC31,-9.046,0.995821475982666,0.8651286338810439,0.6857222222222222,-5.344006550813734
CC1=CC2=CC=COC2N(C)CCCNNC(=O)NNCN(Cl)O1,-8.512,0.9846818447113037,0.9337684263583304,0.6826890331890332,-5.3430551494744405
CONCNC(=O)CC(C)C(C)CC(=O)Cc1ccccc1N,-6.844,0.9602979421615601,0.98655503131641,0.8237063492063492,-5.340841977313643
CC(=O)NN(C)CC(=O)NC(C)NC(C)Cc1ccccc1,-7.476,0.9858679175376892,0.8844013975059286,0.8190317460317459,-5.3387327635092285
CCNC(C)NNC(=O)CCC(=O)CCCc1ccccc1,-6.585,0.9839773774147034,0.9450960210669751,0.8718015873015871,-5.338687290758332
CNCC(=O)C1=C(C)c2cc(=O)c3cc-3c2NCC(=O)C1,-8.48,0.8652396202087402,0.9844392254058579,0.739025974025974,-5.338028188086525
CCCC(=O)CC(=O)NN(C)C(=O)C(=O)c1ccccc1,-6.957,0.970127284526825,0.9281487430014882,0.8521190476190474,-5.337877177945036
CCCC(=O)NOC(C)NNC(=O)N(C)c1ccccc1,-6.814,0.9925427436828613,0.967805425179009,0.8154523809523809,-5.337501441021379
CCNC(=N)CCc1cc(O)ccc1CC,-6.726,0.9657748341560364,0.9266198796696203,0.8865238095238095,-5.336109891198009
CCNC(C)NCC(=O)NNC(=O)CCCc1ccc(C)cc1,-6.87,0.9711007475852966,0.9346344545455276,0.8545396825396823,-5.32837825659022
CN=CC(=O)NCC(=O)CCc1ccc(=O)[nH]c1C,-6.748,0.9587661027908325,0.9733925083985183,0.8460678210678211,-5.328204955240433
CCCC(C)NCC(=O)NCC(=O)NCCc1ccc(C)cc1,-6.855,0.9618374109268188,0.9590191085658504,0.8420079365079363,-5.324178040636159
Cc1ccc2c(c1)N2C(=O)CNC(C)C(=O)C(C)O,-7.003,0.8815157413482666,0.9604464320885809,0.897800144300144,-5.323129316078304
COCC(=O)NCN(N)c1cccc(C)c1C,-6.458,0.9967830181121826,0.9734142226786978,0.8489047619047619,-5.319310335335004
CC1NCC(=O)CC2=CC3=COC2(N(C)C)C(Cl)(Br)N3C(=O)NN1,-6.735,0.9971987009048462,0.9851580115821463,0.8025323565323567,-5.30991719959625
CCC1=C(N)CCC(CC(=O)NC(C)OC2=CCCC=C2)=C1,-7.906,0.788781464099884,0.9835013991680311,0.8653809523809524,-5.307571096102663
CCc1ccc(O)cc1CC(=O)CN(N)OC,-6.466,0.9970441460609436,0.932468641697096,0.8826507936507936,-5.306073236407023
CCNCCNCC(C)=NC=NCC(=O)NCc1ccccc1,-6.643,0.9896203279495239,0.9295966899838071,0.867515873015873,-5.301574376766313
C[O+]=CCNC(=O)N1CC2=C(C=CCN2)C=CC1=O,-7.291,0.9909654855728149,0.9745202795056065,0.7529324335794924,-5.3014236768011305
CC(=O)NNCCC(=O)NC(C)NC(=O)Cc1ccccc1,-7.158,0.968851625919342,0.8893108221375228,0.8594761904761903,-5.300738673401308
CCNC(=O)NNC(=O)c1ccccc1CCOC(C)(C)CO,-6.911,0.9688432216644287,0.9892615471069945,0.8000079365079366,-5.299072016778494
CCc1c(CC(=O)C(=O)CC(O)=CN)cc(C)cc1C(C)F,-7.412,0.9190778136253357,0.9585539188585369,0.8114603174603174,-5.2987267831957805
CC(=O)NCC(=O)NC1NC=CC=C1C1=CCCC=C1,-7.449,0.9958662986755371,0.8651515635420183,0.8253217893217895,-5.296811501562327
CCNC(=O)NCC(=O)CCC(=O)CNNc1ccccc1C,-7.004,0.8823412656784058,0.9742186404343284,0.8797301587301588,-5.296495943190778
CC(=O)NN(C)CC(=O)NC(C)NC(=O)Nc1ccccc1,-7.014,0.9780770540237427,0.9354047443378463,0.8253174603174602,-5.296139712353731
CC(=O)NCC(=O)Nc1ncccc1-c1ccccc1,-8.009,0.8460001349449158,0.9788075281543178,0.7983932178932178,-5.294962223183082
CC(=O)N=CCCC(=O)NC(=O)NC(=O)Nc1ccccc1,-7.534,0.9062394499778748,0.9291403694987805,0.8346587301587302,-5.2949132563971215
CCCC(=O)NCC(C)C(=O)NNCCc1ccccc1,-7.077,0.9656171798706055,0.9304204569799213,0.8327698412698412,-5.2949080048435455
CCCC(N)CNC(=O)CNC(=O)NCc1ccccc1,-7.016,0.965539276599884,0.9630372563335056,0.8114365079365079,-5.293673570232721
CCCC(C)NCC(=O)NCC(=O)C(=O)Nc1ccccc1,-6.882,0.9864386320114136,0.946458591882077,0.8231269841269839,-5.288751941535062
CONC(N)NN=C(O)C=C(C)C(=O)NCc1ccccc1,-6.842,0.9789330959320068,0.9740747504821022,0.8105873015873015,-5.288447083653808
CCCC(C)NCC(=O)NCC(=O)NCCc1ccccc1,-6.859,0.9653182625770569,0.9428513921908936,0.8460079365079364,-5.281399370217657
CCNCCNC[N+](C)=CC=NCC(=O)NCc1ccccc1,-6.598,0.9883900880813599,0.9706190391552282,0.8343095238095236,-5.2810064732734885
CC(=O)NCC(=O)NC1=NCCCN1c1ccccc1,-7.277,0.9802877902984619,0.9938713917356983,0.744814319667261,-5.280610997388332
CCNC(C)NNC(=O)CCC(=O)CCNc1ccccc1C,-6.543,0.9672902226448059,0.9699866830560858,0.8600158730158729,-5.279660016671568
Cc1ccccc1[O+](C)CCCN(Cl)C(=O)NNC(C)NCC=O,-6.616,0.9644594788551331,0.9850891639130159,0.839920634920635,-5.279505846165364
CC1CCC2NN3C(=O)NNCC(=O)CC(=O)CC4=CC3=COC412,-8.085,0.9925870299339294,0.9318829238875247,0.7057777777777775,-5.278104128307139
CCCC(=O)NOC(=O)CCC(=O)N(C)c1ccccc1,-6.696,0.9502931237220764,0.9443595889329601,0.8782460317460317,-5.277480318411215
COOC(=O)CN(C)C(C)C(=O)N1c2ccc(C)cc21,-6.882,0.9532265663146973,0.9345504556615712,0.860784271284271,-5.277252595572038
CCCC(=O)NCC1=CC=CC(=O)COc2cccc1c2,-7.848,0.8982685208320618,0.8887483252728168,0.8422535014005601,-5.276996367833733
C[O+]1CCCC(=O)C(=O)NNCC(=O)CC(=O)Cc2ccccc21,-8.175,0.9677406549453735,0.9316033217553539,0.7153888888888887,-5.272541011922319
CC[O+]1C=C(CC=CC=CCC(O)=NN)C(=O)CC1C(C)O,-6.798,0.9832799434661865,0.9827445231141352,0.8025000000000001,-5.2716189947774765
CN1CCCN[IH]C(=O)NNCC(=O)CC(=O)Oc2ccccc21,-7.457,0.9949526786804199,0.9670862606285302,0.7338015873015873,-5.2651461259632555
COCC(N)NNC(=O)C=CCC(=O)CCc1ccccc1,-6.869,0.982414186000824,0.9620560352994081,0.8108571428571429,-5.264205766644999
C[O+](C)C(N)CNC(O)C1NCCCCC1c1ccccc1,-7.966,0.8148078918457031,0.9603531321464257,0.8444365079365077,-5.263728578974398
CC(=O)NNC(C)C(=O)NC(=O)CC(=O)Nc1ccccc1,-7.475,0.9789330959320068,0.7986266090871882,0.9006984126984127,-5.2636545852551295
CCC(NCC(=O)N1c2ccc(Cl)cc21)C(=O)OOC,-6.548,0.9554390907287598,0.9852169434281596,0.8534523809523807,-5.260449347089366
CCCC(=O)NCC(=O)NCC(=O)NCCc1ccc(C)cc1,-7.317,0.8987858295440674,0.9454035414766553,0.8460079365079364,-5.259941738240625
COCC(C)NC=C(O)N=C(C)C(=O)NCc1ccccc1,-6.991,0.9832148551940918,0.9542140309112326,0.8019047619047618,-5.259643691333939
CCNC(=O)NOC(=O)CCC(=O)CNSc1ccccc1,-6.44,0.9906298518180847,0.9832957603615837,0.8382777777777778,-5.258591055561654
CNNC(=O)C=NCCCC(C)c1ccccc1SC(=O)CNCl,-6.771,0.9504936933517456,0.9694022640848403,0.8425158730158729,-5.25634878176456
CCNC(=O)NCC(=O)CCCC(=O)CNc1ccccc1,-6.64,0.9502809643745422,0.9216534789372025,0.9035396825396824,-5.254543684276306
CONC(=O)NCC(=O)OCc1c(Cl)cc(=O)[nH]c1C,-6.766,0.9993841648101807,0.9727136871515043,0.7986984126984125,-5.253301242802112
COCC(C)NNC(O)C=CCC(=O)CCc1ccccc1,-6.366,0.9919784069061279,0.9805677595059682,0.8482142857142858,-5.252330492076164
CNCC=CCNC(=O)CNC(=O)CC(C)c1ccccc1,-7.028,0.9577758312225342,0.9457212159532926,0.8249761904761904,-5.251703189908853
CC(=O)NNC(C)C(=O)NN=CCC(=O)Oc1ccccc1,-6.734,0.9864257574081421,0.9005768159990386,0.8776984126984125,-5.250535406820493
CONCCNCC(C)=NN=C(Cl)C(=O)NCc1ccccc1,-6.756,0.9951503872871399,0.9773210787188328,0.7985952380952382,-5.247377867189747
CCNC(=O)NCC(=O)CCC(=O)CNOc1ccccc1,-6.545,0.9679504632949829,0.9431313056050297,0.8779603174603174,-5.245777071342015
